patch_id,neighbor_id,attention_weight
0,1,0.7323518
0,22,0.26764825
1,0,0.2133668
1,2,0.5670479
1,23,0.21958527
2,1,0.35962588
2,3,0.3538391
2,24,0.28653505
3,2,0.45465505
3,4,0.25659797
3,25,0.28874698
4,3,0.43845338
4,5,0.2554923
4,26,0.30605432
5,4,0.4038284
5,6,0.30911818
5,27,0.28705338
6,5,0.31559575
6,7,0.37898412
6,28,0.30542013
7,6,0.23654938
7,8,0.31654552
7,29,0.44690514
8,7,0.23503935
8,9,0.46849245
8,30,0.29646817
9,8,0.18645704
9,10,0.42214987
9,31,0.39139315
10,9,0.21269421
10,11,0.4204019
10,32,0.36690387
11,10,0.22960179
11,12,0.44238943
11,33,0.32800874
12,11,0.38003686
12,13,0.36355314
12,34,0.25641003
13,12,0.45762664
13,14,0.26277265
13,35,0.2796007
14,13,0.35671636
14,15,0.3738589
14,36,0.26942474
15,14,0.29141116
15,16,0.4195883
15,37,0.2890005
16,15,0.33714545
16,17,0.38819447
16,38,0.2746601
17,16,0.40973976
17,18,0.2569577
17,39,0.33330256
18,17,0.38189673
18,19,0.34965098
18,40,0.2684523
19,18,0.23674993
19,20,0.47732344
19,41,0.28592667
20,19,0.26262355
20,21,0.433799
20,42,0.30357748
21,20,0.45877323
21,43,0.5412268
22,0,0.33076757
22,23,0.34163937
22,44,0.3275931
23,1,0.35861355
23,22,0.1303748
23,24,0.28742144
23,45,0.2235903
24,2,0.3936185
24,23,0.1525836
24,25,0.24953553
24,46,0.20426236
25,3,0.3111175
25,24,0.25670204
25,26,0.21865125
25,47,0.21352918
26,4,0.2669226
26,25,0.30162537
26,27,0.19082761
26,48,0.2406244
27,5,0.20977783
27,26,0.25623527
27,28,0.20481752
27,49,0.32916942
28,6,0.17285055
28,27,0.16377093
28,29,0.3256061
28,50,0.33777246
29,7,0.20423469
29,28,0.16426829
29,30,0.25443897
29,51,0.37705812
30,8,0.15489917
30,29,0.21889165
30,31,0.32500452
30,52,0.30120468
31,9,0.19467945
31,30,0.12107824
31,32,0.33430296
31,53,0.34993935
32,10,0.21626039
32,31,0.20509444
32,33,0.31400806
32,54,0.26463714
33,11,0.2562638
33,32,0.22663963
33,34,0.17350864
33,55,0.34358793
34,12,0.32148838
34,33,0.2400204
34,35,0.19723365
34,56,0.24125756
35,13,0.24411392
35,34,0.17347914
35,36,0.18087184
35,57,0.40153512
36,14,0.19731441
36,35,0.20475852
36,37,0.18911573
36,58,0.40881136
37,15,0.24335682
37,36,0.17179091
37,38,0.19735736
37,59,0.38749495
38,16,0.2820759
38,37,0.18982565
38,39,0.23491181
38,60,0.29318658
39,17,0.2977428
39,38,0.2064005
39,40,0.21014448
39,61,0.28571215
40,18,0.20147757
40,39,0.2593432
40,41,0.24762014
40,62,0.29155907
41,19,0.2601055
41,40,0.1952648
41,42,0.29055482
41,63,0.2540749
42,20,0.27645123
42,41,0.15594953
42,43,0.3132357
42,64,0.25436348
43,21,0.4097835
43,42,0.27498809
43,65,0.31522837
44,22,0.22204678
44,45,0.37006572
44,66,0.4078875
45,23,0.22889127
45,44,0.21647222
45,46,0.30422038
45,67,0.2504161
46,24,0.3069316
46,45,0.23115183
46,47,0.25129864
46,68,0.21061787
47,25,0.2890948
47,46,0.23315378
47,48,0.22827749
47,69,0.24947394
48,26,0.24681568
48,47,0.23917829
48,49,0.31687856
48,70,0.19712749
49,27,0.17046468
49,48,0.21405652
49,50,0.35342613
49,71,0.26205269
50,28,0.11810108
50,49,0.18741362
50,51,0.26699898
50,72,0.42748633
51,29,0.18436508
51,50,0.18883671
51,52,0.24729335
51,73,0.37950486
52,30,0.120364614
52,51,0.17713019
52,53,0.3444134
52,74,0.35809183
53,31,0.22299312
53,52,0.19813097
53,54,0.2824468
53,75,0.29642907
54,32,0.22901154
54,53,0.2398419
54,55,0.33929583
54,76,0.19185078
55,33,0.27784264
55,54,0.23216808
55,56,0.2796287
55,77,0.21036056
56,34,0.14839628
56,55,0.29105213
56,57,0.34366003
56,78,0.21689154
57,35,0.17564745
57,56,0.21498413
57,58,0.3464156
57,79,0.26295277
58,36,0.13055319
58,57,0.28736916
58,59,0.28859755
58,80,0.2934801
59,37,0.15222378
59,58,0.323684
59,60,0.22836043
59,81,0.2957318
60,38,0.18290102
60,59,0.3492679
60,61,0.24347675
60,82,0.2243543
61,39,0.23544657
61,60,0.28397205
61,62,0.25743774
61,83,0.22314362
62,40,0.20905185
62,61,0.27901575
62,63,0.26468387
62,84,0.24724855
63,41,0.19794847
63,62,0.2344302
63,64,0.31148377
63,85,0.25613758
64,42,0.23749276
64,63,0.20059717
64,65,0.2604939
64,86,0.30141622
65,43,0.3798884
65,64,0.2857973
65,87,0.3343143
66,44,0.30310288
66,67,0.34945816
66,88,0.34743893
67,45,0.24246806
67,66,0.26975018
67,68,0.22248033
67,89,0.26530144
68,46,0.24564417
68,67,0.2016201
68,69,0.2604067
68,90,0.29232907
69,47,0.25363404
69,68,0.21100144
69,70,0.20593147
69,91,0.32943305
70,48,0.23080726
70,69,0.24774837
70,71,0.28275895
70,92,0.23868541
71,49,0.1890377
71,70,0.11556599
71,72,0.42544344
71,93,0.26995292
72,50,0.20795015
72,71,0.14985828
72,73,0.41063938
72,94,0.2315522
73,51,0.16626878
73,72,0.26065207
73,74,0.3301324
73,95,0.24294673
74,52,0.21487314
74,73,0.32037866
74,75,0.31703007
74,96,0.14771807
75,53,0.29432842
75,74,0.29507697
75,76,0.2334666
75,97,0.17712803
76,54,0.27613696
76,75,0.28562346
76,77,0.24468565
76,98,0.19355397
77,55,0.35692534
77,76,0.1979135
77,78,0.27084327
77,99,0.17431791
78,56,0.27293357
78,77,0.20745224
78,79,0.3345613
78,100,0.18505292
79,57,0.33432296
79,78,0.20786314
79,80,0.336216
79,101,0.12159791
80,58,0.3024279
80,79,0.22449973
80,81,0.27034816
80,102,0.20272425
81,59,0.2826773
81,80,0.28263143
81,82,0.17716539
81,103,0.25752586
82,60,0.24159949
82,81,0.30949238
82,83,0.18881333
82,104,0.26009485
83,61,0.26472268
83,82,0.23951842
83,84,0.23518592
83,105,0.260573
84,62,0.24102716
84,83,0.20707549
84,85,0.26516038
84,106,0.286737
85,63,0.20017023
85,84,0.1884955
85,86,0.29545808
85,107,0.31587622
86,64,0.24593563
86,85,0.2018338
86,87,0.27854815
86,108,0.27368242
87,65,0.29652983
87,86,0.33666325
87,109,0.36680698
88,66,0.29670152
88,89,0.29241693
88,110,0.41088155
89,67,0.20636721
89,88,0.20412926
89,90,0.29681423
89,111,0.29268932
90,68,0.16542086
90,89,0.19499627
90,91,0.25415006
90,112,0.38543284
91,69,0.23086078
91,90,0.26003894
91,92,0.22140533
91,113,0.2876949
92,70,0.14180715
92,91,0.22673336
92,93,0.32837772
92,114,0.30308175
93,71,0.2202732
93,92,0.18072975
93,94,0.3294341
93,115,0.26956296
94,72,0.3237209
94,93,0.2005861
94,95,0.2922906
94,116,0.18340243
95,73,0.39052638
95,94,0.2223898
95,96,0.17913634
95,117,0.20794745
96,74,0.34633344
96,95,0.2500992
96,97,0.20588177
96,118,0.19768564
97,75,0.34706968
97,96,0.16173844
97,98,0.23393174
97,119,0.25726014
98,76,0.28230867
98,97,0.22200635
98,99,0.25562963
98,120,0.24005534
99,77,0.2716957
99,98,0.21687259
99,100,0.25219554
99,121,0.25923622
100,78,0.32135075
100,99,0.20567113
100,101,0.17063725
100,122,0.3023408
101,79,0.3500421
101,100,0.19217773
101,102,0.30504298
101,123,0.15273723
102,80,0.3829688
102,101,0.13487591
102,103,0.34505177
102,124,0.13710351
103,81,0.2855901
103,102,0.21235566
103,104,0.23913068
103,125,0.26292348
104,82,0.19335361
104,103,0.2788954
104,105,0.20913224
104,126,0.31861877
105,83,0.19659849
105,104,0.2740592
105,106,0.2767837
105,127,0.2525586
106,84,0.20038825
106,105,0.22387142
106,107,0.33203545
106,128,0.2437049
107,85,0.19382113
107,106,0.21246342
107,108,0.257381
107,129,0.33633447
108,86,0.2268245
108,107,0.24187784
108,109,0.24523519
108,130,0.28606248
109,87,0.31527892
109,108,0.30104455
109,131,0.3836765
110,88,0.1974198
110,111,0.2747311
110,132,0.5278491
111,89,0.13806848
111,110,0.19062303
111,112,0.26679567
111,133,0.4045128
112,90,0.16714099
112,111,0.16362791
112,113,0.18694629
112,134,0.48228478
113,91,0.16642979
113,112,0.25071022
113,114,0.22869436
113,135,0.35416564
114,92,0.16867274
114,113,0.21944304
114,115,0.24783729
114,136,0.36404687
115,93,0.26615727
115,114,0.2415108
115,116,0.23806246
115,137,0.2542695
116,94,0.26859847
116,115,0.21529524
116,117,0.25105157
116,138,0.2650548
117,95,0.3190101
117,116,0.19672035
117,118,0.25177208
117,139,0.23249744
118,96,0.21141176
118,117,0.2453024
118,119,0.33581835
118,140,0.20746748
119,97,0.24500136
119,118,0.23732883
119,120,0.26710925
119,141,0.25056052
120,98,0.2187694
120,119,0.24133733
120,121,0.26226848
120,142,0.27762482
121,99,0.21875283
121,120,0.20479707
121,122,0.311629
121,143,0.26482108
122,100,0.23902158
122,121,0.24033298
122,123,0.1699025
122,144,0.35074294
123,101,0.19035973
123,122,0.33550662
123,124,0.2117737
123,145,0.26235992
124,102,0.2881288
124,123,0.1405388
124,125,0.36462283
124,146,0.20670962
125,103,0.30545086
125,124,0.12137653
125,126,0.34797904
125,147,0.22519358
126,104,0.22630295
126,125,0.24833426
126,127,0.20948465
126,148,0.31587815
127,105,0.21851642
127,126,0.32969102
127,128,0.24583197
127,149,0.20596059
128,106,0.20987673
128,127,0.1943937
128,129,0.33068648
128,150,0.2650431
129,107,0.21652094
129,128,0.15649825
129,130,0.25451145
129,151,0.37246937
130,108,0.19656047
130,129,0.25557956
130,131,0.24807508
130,152,0.2997849
131,109,0.27524304
131,130,0.3188673
131,153,0.4058897
132,110,0.21846686
132,133,0.46051413
132,154,0.321019
133,111,0.1213802
133,132,0.23397149
133,134,0.35951415
133,155,0.28513414
134,112,0.15059388
134,133,0.22942492
134,135,0.21303082
134,156,0.4069504
135,113,0.12558432
135,134,0.32424363
135,136,0.20745623
135,157,0.34271583
136,114,0.1865539
136,135,0.29391977
136,137,0.19345006
136,158,0.32607624
137,115,0.18703003
137,136,0.27454707
137,138,0.22895873
137,159,0.30946407
138,116,0.22029315
138,137,0.2346804
138,139,0.25648552
138,160,0.28854096
139,117,0.23999149
139,138,0.2448492
139,140,0.19849755
139,161,0.31666175
140,118,0.25336742
140,139,0.22821797
140,141,0.266917
140,162,0.25149757
141,119,0.27146673
141,140,0.16644862
141,142,0.30897078
141,163,0.25311384
142,120,0.23035511
142,141,0.22196674
142,143,0.3008816
142,164,0.24679661
143,121,0.22327276
143,142,0.2384637
143,144,0.31838262
143,165,0.21988095
144,122,0.2670524
144,143,0.22381562
144,145,0.20587453
144,166,0.3032574
145,123,0.13650854
145,144,0.27079424
145,146,0.21306658
145,167,0.37963066
146,124,0.16098687
146,145,0.20356037
146,147,0.30124095
146,168,0.33421177
147,125,0.27299318
147,146,0.15817575
147,148,0.34364235
147,169,0.22518876
148,126,0.338966
148,147,0.21739648
148,149,0.21150185
148,170,0.2321356
149,127,0.21281128
149,148,0.3174272
149,150,0.28791437
149,171,0.18184714
150,128,0.18184555
150,149,0.15152366
150,151,0.42093068
150,172,0.2457001
151,129,0.23498814
151,150,0.18289338
151,152,0.26917636
151,173,0.31294215
152,130,0.19127798
152,151,0.27193877
152,153,0.23636231
152,174,0.30042097
153,131,0.28371683
153,152,0.33637404
153,175,0.37990916
154,132,0.35189041
154,155,0.4289933
154,176,0.21911632
155,133,0.24796729
155,154,0.17142291
155,156,0.44229227
155,177,0.13831753
156,134,0.26892862
156,155,0.2123585
156,157,0.28466156
156,178,0.23405133
157,135,0.19500309
157,156,0.37045917
157,158,0.2186476
157,179,0.21589011
158,136,0.1918705
158,157,0.31638107
158,159,0.2174149
158,180,0.27433357
159,137,0.17948961
159,158,0.29787818
159,160,0.21786551
159,181,0.3047667
160,138,0.21772106
160,159,0.29578662
160,161,0.274475
160,182,0.21201731
161,139,0.23182917
161,160,0.25464937
161,162,0.24747327
161,183,0.2660482
162,140,0.18186903
162,161,0.28034243
162,163,0.26880965
162,184,0.26897892
163,141,0.24458104
163,162,0.2222764
163,164,0.27474937
163,185,0.25839317
164,142,0.27060127
164,163,0.2154512
164,165,0.25332874
164,186,0.2606188
165,143,0.22751273
165,164,0.19154029
165,166,0.31003892
165,187,0.27090812
166,144,0.23374091
166,165,0.15975423
166,167,0.32677454
166,188,0.27973035
167,145,0.16693677
167,166,0.24298859
167,168,0.2735298
167,189,0.3165448
168,146,0.15079843
168,167,0.2791356
168,169,0.22448003
168,190,0.34558597
169,147,0.22167273
169,168,0.25863636
169,170,0.235352
169,191,0.28433886
170,148,0.3783668
170,169,0.24742457
170,171,0.21918201
170,192,0.15502661
171,149,0.22634491
171,170,0.25342488
171,172,0.36538085
171,193,0.1548493
172,150,0.24328037
172,171,0.14435549
172,173,0.40621075
172,194,0.20615338
173,151,0.30272686
173,172,0.17501923
173,174,0.3336276
173,195,0.18862635
174,152,0.2201406
174,173,0.2500243
174,175,0.24434993
174,196,0.28548518
175,153,0.30097774
175,174,0.3771422
175,197,0.32188007
176,154,0.39681348
176,177,0.31557414
176,198,0.2876124
177,155,0.31575376
177,176,0.15877493
177,178,0.34418845
177,199,0.18128288
178,156,0.42814505
178,177,0.13301417
178,179,0.24551442
178,200,0.19332631
179,157,0.31712213
179,178,0.2591218
179,180,0.27361894
179,201,0.15013714
180,158,0.24277343
180,179,0.24146037
180,181,0.24817598
180,202,0.26759014
181,159,0.23743574
181,180,0.30191866
181,182,0.17212173
181,203,0.28852385
182,160,0.21033669
182,181,0.29240522
182,183,0.2177215
182,204,0.2795366
183,161,0.26394218
183,182,0.19959246
183,184,0.24646609
183,205,0.28999925
184,162,0.23210411
184,183,0.24877504
184,185,0.26582542
184,206,0.25329548
185,163,0.23136583
185,184,0.22782631
185,186,0.27813938
185,207,0.26266852
186,164,0.23605864
186,185,0.21466798
186,187,0.32384658
186,208,0.2254268
187,165,0.21865591
187,186,0.22538082
187,188,0.36533487
187,209,0.19062838
188,166,0.24824506
188,187,0.21212453
188,189,0.3138697
188,210,0.22576071
189,167,0.279563
189,188,0.2298462
189,190,0.34515402
189,211,0.14543684
190,168,0.2519273
190,189,0.2852128
190,191,0.28911078
190,212,0.17374909
191,169,0.23757493
191,190,0.37908867
191,192,0.15090854
191,213,0.23242775
192,170,0.2913818
192,191,0.34843475
192,193,0.18434083
192,214,0.17584257
193,171,0.25859445
193,192,0.19525778
193,194,0.3634061
193,215,0.1827417
194,172,0.2957331
194,193,0.12325775
194,195,0.3161097
194,216,0.26489946
195,173,0.2919552
195,194,0.14927165
195,196,0.3330164
195,217,0.22575675
196,174,0.32441822
196,195,0.18593897
196,197,0.27384338
196,218,0.21579938
197,175,0.33468762
197,196,0.3891228
197,219,0.27618957
198,176,0.3329502
198,199,0.37490848
198,220,0.29214126
199,177,0.2385027
199,198,0.21510194
199,200,0.34906062
199,221,0.19733472
200,178,0.37351072
200,199,0.19491808
200,201,0.21126446
200,222,0.22030675
201,179,0.28304777
201,200,0.22185917
201,202,0.31665185
201,223,0.17844117
202,180,0.33783564
202,201,0.18440048
202,203,0.32348764
202,224,0.15427625
203,181,0.27120572
203,202,0.29662114
203,204,0.25855556
203,225,0.1736175
204,182,0.17436253
204,203,0.2921219
204,205,0.24992682
204,226,0.28358877
205,183,0.22452618
205,204,0.28219584
205,206,0.22398825
205,227,0.26928973
206,184,0.23913117
206,205,0.2829546
206,207,0.28061724
206,228,0.197297
207,185,0.2587637
207,206,0.24893244
207,208,0.27188635
207,229,0.22041747
208,186,0.2820579
208,207,0.26477802
208,209,0.23620899
208,230,0.21695508
209,187,0.3085308
209,208,0.2124813
209,210,0.3281305
209,231,0.15085733
210,188,0.3681611
210,209,0.1899783
210,211,0.2308587
210,232,0.2110019
211,189,0.32195157
211,210,0.22938398
211,212,0.19502848
211,233,0.25363597
212,190,0.382699
212,211,0.15926635
212,213,0.24175695
212,234,0.21627767
213,191,0.32966855
213,212,0.20060542
213,214,0.16571279
213,235,0.30401325
214,192,0.24130157
214,213,0.37267834
214,215,0.23052715
214,236,0.15549295
215,193,0.18373376
215,214,0.17984961
215,216,0.38813284
215,237,0.24828379
216,194,0.24142346
216,215,0.115916125
216,217,0.36189628
216,238,0.28076416
217,195,0.23206194
217,216,0.18915623
217,218,0.26730442
217,239,0.31147736
218,196,0.2992485
218,217,0.19984469
218,219,0.2032519
218,240,0.2976549
219,197,0.37725487
219,218,0.29695642
219,241,0.32578865
220,198,0.39004618
220,221,0.3470839
220,242,0.26286992
221,199,0.27322948
221,220,0.20994425
221,222,0.3107945
221,243,0.2060318
222,200,0.31568187
222,221,0.17661464
222,223,0.24865921
222,244,0.2590442
223,201,0.23294199
223,222,0.24198397
223,224,0.20061053
223,245,0.3244635
224,202,0.34341863
224,223,0.1930226
224,225,0.20440239
224,246,0.25915644
225,203,0.30004427
225,224,0.14438836
225,226,0.2924238
225,247,0.2631436
226,204,0.26572448
226,225,0.1799854
226,227,0.2528285
226,248,0.30146164
227,205,0.25783187
227,226,0.2938318
227,228,0.18272199
227,249,0.26561436
228,206,0.2587903
228,227,0.30779928
228,229,0.23147091
228,250,0.20193948
229,207,0.31356883
229,228,0.22211008
229,230,0.2530632
229,251,0.2112579
230,208,0.2984673
230,229,0.24435101
230,231,0.20916286
230,252,0.24801885
231,209,0.25471112
231,230,0.23496433
231,232,0.2837317
231,253,0.2265929
232,210,0.31140622
232,231,0.143225
232,233,0.34163743
232,254,0.20373134
233,211,0.23283088
233,232,0.21186088
233,234,0.31279477
233,255,0.24251343
234,212,0.19557051
234,233,0.25357357
234,235,0.29507658
234,256,0.25577933
235,213,0.33026466
235,234,0.3002245
235,236,0.13771266
235,257,0.23179814
236,214,0.20440817
236,235,0.37027106
236,237,0.27594024
236,258,0.14938056
237,215,0.17814952
237,236,0.119574435
237,238,0.4143919
237,259,0.28788418
238,216,0.22890972
238,237,0.14341284
238,239,0.366809
238,260,0.2608684
239,217,0.21690105
239,238,0.16453679
239,240,0.31469113
239,261,0.30387104
240,218,0.21500169
240,239,0.24448013
240,241,0.22834356
240,262,0.31217462
241,219,0.3209841
241,240,0.46408588
241,263,0.21493006
242,220,0.3458761
242,243,0.32957613
242,264,0.32454777
243,221,0.24294552
243,242,0.17879252
243,244,0.35978955
243,265,0.21847236
244,222,0.2571943
244,243,0.16949765
244,245,0.34344363
244,266,0.22986437
245,223,0.17370234
245,244,0.17653613
245,246,0.23422904
245,267,0.4155325
246,224,0.1507997
246,245,0.24711782
246,247,0.27349988
246,268,0.32858267
247,225,0.18857838
247,246,0.24036272
247,248,0.3140399
247,269,0.25701904
248,226,0.24507944
248,247,0.22031659
248,249,0.22256663
248,270,0.31203738
249,227,0.24510075
249,248,0.2922924
249,250,0.16169593
249,271,0.3009109
250,228,0.19691606
250,249,0.28527156
250,251,0.18330337
250,272,0.33450904
251,229,0.2752734
251,250,0.23451938
251,252,0.27187195
251,273,0.21833523
252,230,0.28138405
252,251,0.22810356
252,253,0.26835865
252,274,0.22215374
253,231,0.19772954
253,252,0.22883618
253,254,0.28272235
253,275,0.29071194
254,232,0.24782588
254,253,0.19745684
254,255,0.28585172
254,276,0.26886564
255,233,0.31302673
255,254,0.1860764
255,256,0.31664142
255,277,0.1842554
256,234,0.26677284
256,255,0.20737424
256,257,0.21040024
256,278,0.3154527
257,235,0.34840426
257,256,0.30295983
257,258,0.14141206
257,279,0.20722385
258,236,0.15789394
258,257,0.27271524
258,259,0.37957057
258,280,0.18982027
259,237,0.19839533
259,258,0.10697117
259,260,0.36125395
259,281,0.3333796
260,238,0.20424245
260,259,0.14072642
260,261,0.3749857
260,282,0.28004545
261,239,0.2555666
261,260,0.17987111
261,262,0.32141402
261,283,0.2431483
262,240,0.31224975
262,261,0.3020768
262,263,0.14226726
262,284,0.24340619
263,241,0.31395283
263,262,0.42643362
263,285,0.25961363
264,242,0.29860765
264,265,0.34847853
264,286,0.3529138
265,243,0.23927802
265,264,0.22991772
265,266,0.32587552
265,287,0.20492873
266,244,0.21704344
266,265,0.13426705
266,267,0.5029753
266,288,0.14571421
267,245,0.23618081
267,266,0.15913492
267,268,0.3153738
267,289,0.28931046
268,246,0.18233444
268,267,0.32591158
268,269,0.19372828
268,290,0.2980257
269,247,0.20465657
269,268,0.24230565
269,270,0.28517604
269,291,0.26786172
270,248,0.28022408
270,269,0.22526836
270,271,0.28729564
270,292,0.2072119
271,249,0.20593247
271,270,0.29145235
271,272,0.24306463
271,293,0.2595505
272,250,0.21052468
272,271,0.3910846
272,273,0.18881562
272,294,0.20957507
273,251,0.22104762
273,272,0.40235427
273,274,0.21140774
273,295,0.16519041
274,252,0.2774059
274,273,0.21591
274,275,0.35036048
274,296,0.15632366
275,253,0.25672355
275,274,0.20851016
275,276,0.34844145
275,297,0.18632479
276,254,0.24133869
276,275,0.24962421
276,277,0.23934878
276,298,0.26968837
277,255,0.21903782
277,276,0.20544307
277,278,0.33243048
277,299,0.2430886
278,256,0.304178
278,277,0.17708829
278,279,0.20834942
278,300,0.3103843
279,257,0.21206045
279,278,0.3226067
279,280,0.14859827
279,301,0.31673455
280,258,0.12104082
280,279,0.18185362
280,281,0.37807053
280,302,0.3190351
281,259,0.19862731
281,280,0.09745213
281,282,0.38336283
281,303,0.32055768
282,260,0.22771664
282,281,0.20512831
282,283,0.29742685
282,304,0.26972824
283,261,0.3097092
283,282,0.22223315
283,284,0.24398126
283,305,0.22407642
284,262,0.33865649
284,283,0.25017777
284,285,0.20504753
284,306,0.20611829
285,263,0.23861031
285,284,0.40800908
285,307,0.3533806
286,264,0.17817718
286,287,0.15524165
286,308,0.66658115
287,265,0.23790234
287,286,0.23220238
287,288,0.2615721
287,309,0.26832318
288,266,0.23945673
288,287,0.14701818
288,289,0.43184814
288,310,0.18167695
289,267,0.4024581
289,288,0.11276777
289,290,0.3637734
289,311,0.121000715
290,268,0.27599692
290,289,0.24951307
290,291,0.2942279
290,312,0.18026216
291,269,0.22698535
291,290,0.3416101
291,292,0.20071672
291,313,0.23068781
292,270,0.28638497
292,291,0.2611775
292,293,0.2547648
292,314,0.19767267
293,271,0.38739124
293,292,0.28002238
293,294,0.21137348
293,315,0.12121291
294,272,0.3711327
294,293,0.402185
294,295,0.15415816
294,316,0.07252411
295,273,0.30466342
295,294,0.34608716
295,296,0.21952915
295,317,0.12972033
296,274,0.33326045
296,295,0.2592431
296,297,0.29206762
296,318,0.1154289
297,275,0.3616435
297,296,0.16098702
297,298,0.38934883
297,319,0.088020675
298,276,0.3082673
298,297,0.16518599
298,299,0.362379
298,320,0.16416769
299,277,0.18821292
299,298,0.20937319
299,300,0.32475826
299,321,0.2776557
300,278,0.25872505
300,299,0.1876338
300,301,0.25516418
300,322,0.298477
301,279,0.15073846
301,300,0.22194496
301,302,0.26939216
301,323,0.3579244
302,280,0.09736051
302,301,0.21115421
302,303,0.32422
302,324,0.3672653
303,281,0.23451039
303,302,0.19838293
303,304,0.3040832
303,325,0.2630235
304,282,0.2667134
304,303,0.2229161
304,305,0.26227447
304,326,0.24809603
305,283,0.27851763
305,304,0.2497148
305,306,0.2263943
305,327,0.2453733
306,284,0.27931285
306,305,0.25712502
306,307,0.24438591
306,328,0.21917625
307,285,0.3474217
307,306,0.3556111
307,329,0.29696715
308,286,0.112489276
308,309,0.13628508
308,330,0.75122565
309,287,0.060865615
309,308,0.25665027
309,310,0.07681236
309,331,0.6056717
310,288,0.14475526
310,309,0.14998825
310,311,0.15399063
310,332,0.55126584
311,289,0.38837147
311,310,0.15568376
311,312,0.2666914
311,333,0.18925339
312,290,0.43728265
312,311,0.13839383
312,313,0.28567132
312,334,0.13865218
313,291,0.3707043
313,312,0.21617086
313,314,0.27080995
313,335,0.14231487
314,292,0.26655275
314,313,0.28737414
314,315,0.109460376
314,336,0.3366127
315,293,0.38293362
315,314,0.2841213
315,316,0.064806305
315,337,0.2681388
316,294,0.38415107
316,315,0.2109883
316,317,0.1374635
316,338,0.26739714
317,295,0.39964396
317,316,0.18748848
317,318,0.17435353
317,339,0.23851405
318,296,0.3863771
318,317,0.22307749
318,319,0.20412149
318,340,0.18642391
319,297,0.3502487
319,318,0.13906056
319,320,0.35146406
319,341,0.15922667
320,298,0.3081255
320,319,0.07004599
320,321,0.41055453
320,342,0.21127397
321,299,0.24191368
321,320,0.11016991
321,322,0.39130142
321,343,0.256615
322,300,0.21657906
322,321,0.18867214
322,323,0.35787848
322,344,0.23687029
323,301,0.18501328
323,322,0.21987383
323,324,0.3314884
323,345,0.26362452
324,302,0.20230734
324,323,0.26644224
324,325,0.26088992
324,346,0.27036047
325,303,0.2509388
325,324,0.28144136
325,326,0.2744569
325,347,0.19316295
326,304,0.2677958
326,325,0.23053104
326,327,0.2622249
326,348,0.23944826
327,305,0.27547494
327,326,0.25983867
327,328,0.23891263
327,349,0.2257737
328,306,0.26038146
328,327,0.2860861
328,329,0.22834624
328,350,0.2251862
329,307,0.4009337
329,328,0.36348158
329,351,0.2355847
330,308,0.30118042
330,331,0.69881964
331,309,0.09434129
331,330,0.5673626
331,332,0.3382961
332,310,0.09773936
332,331,0.77582395
332,333,0.12643674
333,311,0.1781036
333,332,0.6470654
333,334,0.17483102
334,312,0.42325035
334,333,0.29872534
334,335,0.2780243
335,313,0.37657496
335,334,0.18510802
335,336,0.438317
336,314,0.40584874
336,335,0.21487749
336,337,0.3792738
337,315,0.19134708
337,336,0.57485044
337,338,0.23380254
338,316,0.15859668
338,337,0.6371309
338,339,0.20427242
339,317,0.27297536
339,338,0.50775224
339,340,0.21927239
340,318,0.29349765
340,339,0.38721442
340,341,0.31928793
341,319,0.20132855
341,340,0.18387882
341,342,0.61479264
342,320,0.2628721
342,341,0.122597985
342,343,0.61452997
343,321,0.36077166
343,342,0.18709011
343,344,0.4521382
344,322,0.34904003
344,343,0.23375897
344,345,0.41720095
345,323,0.37074128
345,344,0.2528546
345,346,0.3764041
346,324,0.40412068
346,345,0.3258903
346,347,0.26998907
347,325,0.32381248
347,346,0.3353169
347,348,0.3408706
348,326,0.38822505
348,347,0.2713689
348,349,0.34040603
349,327,0.36543676
349,348,0.33816823
349,350,0.296395
350,328,0.38325226
350,349,0.36473018
350,351,0.25201747
351,329,0.49908695
351,350,0.50091314
