patch_id,neighbor_id
0,1
0,22
0,23
0,44
0,68
1,0
1,23
1,22
1,68
1,44
2,24
2,25
2,26
2,9
2,3
3,4
3,25
3,2
3,5
3,6
4,3
4,5
4,6
4,7
4,25
5,8
5,27
5,6
5,7
5,26
6,28
6,7
6,5
6,8
6,27
7,8
7,6
7,5
7,28
7,27
8,7
8,9
8,29
8,5
8,50
9,29
9,30
9,51
9,53
9,31
10,33
10,31
10,34
10,53
10,9
11,12
11,36
11,13
11,35
11,33
12,13
12,35
12,33
12,36
12,11
13,36
13,12
13,35
13,14
13,37
14,34
14,15
14,35
14,13
14,102
15,37
15,16
15,14
15,35
15,36
16,15
16,37
16,35
16,38
16,36
17,38
17,39
17,40
17,58
17,16
18,19
18,11
18,41
18,17
18,42
19,41
19,13
19,42
19,12
19,21
20,21
20,43
20,42
20,65
20,19
21,43
21,20
21,42
21,19
21,65
22,44
22,23
22,0
22,1
22,68
23,22
23,44
23,0
23,1
23,45
24,46
24,25
24,47
24,1
24,23
25,24
25,46
25,47
25,26
25,5
26,49
26,9
26,47
26,50
26,29
27,28
27,49
27,5
27,26
27,50
28,50
28,27
28,49
28,6
28,8
29,51
29,9
29,30
29,52
29,50
30,52
30,51
30,95
30,75
30,29
31,53
31,52
31,74
31,9
31,10
32,54
32,33
32,34
32,53
32,35
33,34
33,55
33,32
33,35
33,56
34,56
34,35
34,33
34,14
34,79
35,57
35,34
35,36
35,33
35,56
36,35
36,13
36,37
36,57
36,58
37,15
37,36
37,16
37,35
37,57
38,60
38,59
38,58
38,37
38,16
39,61
39,59
39,60
39,38
39,134
40,62
40,60
40,61
40,41
40,59
41,63
41,64
41,42
41,84
41,40
42,43
42,65
42,64
42,41
42,20
43,65
43,42
43,21
43,20
43,64
44,22
44,23
44,45
44,66
44,68
45,44
45,23
45,67
45,46
45,66
46,47
46,45
46,24
46,68
46,67
47,46
47,26
47,24
47,70
47,68
48,69
48,27
48,47
48,28
48,70
49,50
49,70
49,71
49,9
49,26
50,49
50,73
50,71
50,29
50,72
51,29
51,30
51,52
51,75
51,95
52,30
52,51
52,74
52,31
52,95
53,31
53,52
53,74
53,9
53,54
54,32
54,76
54,53
54,33
54,34
55,33
55,56
55,34
55,35
55,57
56,34
56,55
56,35
56,79
56,33
57,35
57,36
57,56
57,80
57,79
58,38
58,59
58,36
58,60
58,57
59,60
59,38
59,58
59,81
59,39
60,59
60,38
60,81
60,58
60,40
61,39
61,62
61,60
61,40
61,83
62,83
62,40
62,84
62,61
62,60
63,41
63,64
63,85
63,84
63,105
64,63
64,41
64,42
64,65
64,87
65,43
65,87
65,42
65,64
65,109
66,44
66,67
66,68
66,88
66,45
67,66
67,45
67,88
67,89
67,68
68,66
68,44
68,14
68,34
68,89
69,91
69,48
69,70
69,47
69,28
70,49
70,71
70,94
70,47
70,50
71,72
71,94
71,50
71,93
71,49
72,71
72,73
72,93
72,94
72,50
73,72
73,74
73,50
73,95
73,94
74,95
74,94
74,52
74,97
74,96
75,30
75,51
75,74
75,97
75,95
76,54
76,98
76,53
76,75
76,33
77,99
77,78
77,122
77,100
77,55
78,77
78,100
78,56
78,79
78,55
79,101
79,34
79,56
79,35
79,102
80,57
80,58
80,35
80,81
80,79
81,82
81,60
81,59
81,80
81,58
82,81
82,104
82,83
82,60
82,105
83,105
83,84
83,62
83,82
83,85
84,85
84,106
84,83
84,105
84,107
85,107
85,84
85,106
85,63
85,105
86,326
86,203
86,191
86,135
86,204
87,65
87,109
87,108
87,130
87,129
88,89
88,66
88,67
88,68
88,110
89,88
89,67
89,68
89,66
89,110
90,68
90,91
90,89
90,34
90,79
91,69
91,90
91,70
91,113
91,28
92,93
92,115
92,72
92,121
92,94
93,116
93,72
93,115
93,71
93,92
94,74
94,95
94,117
94,71
94,96
95,74
95,96
95,94
95,118
95,30
96,118
96,95
96,74
96,97
96,94
97,74
97,96
97,75
97,119
97,118
98,74
98,121
98,75
98,76
98,118
99,77
99,122
99,121
99,140
99,139
100,78
100,122
100,77
100,99
100,80
101,79
101,102
101,123
101,34
101,124
102,101
102,124
102,79
102,123
102,14
103,104
103,121
103,80
103,34
103,102
104,103
104,82
104,105
104,83
104,81
105,83
105,106
105,84
105,107
105,128
106,128
106,84
106,107
106,105
106,85
107,85
107,106
107,129
107,84
107,105
108,130
108,109
108,87
108,129
108,131
109,108
109,87
109,131
109,130
109,129
110,160
110,89
110,15
110,34
110,14
111,59
111,39
111,61
111,134
111,203
112,113
112,157
112,179
112,136
112,155
113,137
113,138
113,159
113,112
113,136
114,92
114,136
114,115
114,156
114,61
115,93
115,116
115,137
115,138
115,92
116,117
116,93
116,138
116,115
116,137
117,118
117,116
117,94
117,95
117,74
118,96
118,117
118,95
118,74
118,97
119,97
119,118
119,121
119,96
119,74
120,119
120,121
120,35
120,14
120,13
121,119
121,98
121,117
121,183
121,94
122,100
122,99
122,77
122,78
122,80
123,124
123,102
123,146
123,101
123,79
124,123
124,146
124,102
124,14
124,101
125,147
125,126
125,148
125,127
125,104
126,147
126,148
126,125
126,127
126,61
127,148
127,128
127,150
127,105
127,147
128,106
128,150
128,105
128,129
128,127
129,107
129,151
129,106
129,128
129,108
130,108
130,151
130,131
130,129
130,109
131,130
131,109
131,108
131,153
131,152
132,154
132,155
132,136
132,113
132,140
133,134
133,135
133,132
133,203
133,155
134,135
134,133
134,203
134,39
134,155
135,134
135,203
135,181
135,133
135,157
136,158
136,157
136,181
136,155
136,179
137,138
137,159
137,160
137,115
137,116
138,137
138,116
138,160
138,115
138,93
139,140
139,162
139,161
139,141
139,117
140,141
140,139
140,162
140,163
140,99
141,140
141,163
141,162
141,139
141,136
142,143
142,164
142,165
142,166
142,144
143,165
143,166
143,144
143,164
143,142
144,166
144,167
144,143
144,164
144,165
145,167
145,168
145,144
145,122
145,162
146,124
146,123
146,168
146,119
146,102
147,126
147,148
147,125
147,127
147,169
148,147
148,126
148,127
148,169
148,125
149,171
149,172
149,150
149,170
149,128
150,128
150,172
150,127
150,151
150,106
151,173
151,152
151,130
151,129
151,153
152,153
152,174
152,151
152,173
152,175
153,152
153,174
153,175
153,197
153,196
154,132
154,155
154,113
154,136
154,91
155,156
155,136
155,154
155,132
155,179
156,155
156,179
156,157
156,178
156,136
157,158
157,136
157,179
157,180
157,156
158,180
158,157
158,181
158,136
158,179
159,160
159,137
159,182
159,183
159,161
160,159
160,137
160,182
160,117
160,138
161,183
161,162
161,139
161,159
161,121
162,140
162,141
162,163
162,161
162,139
163,141
163,162
163,140
163,136
163,164
164,143
164,184
164,165
164,144
164,163
165,166
165,143
165,185
165,164
165,144
166,165
166,143
166,144
166,167
166,185
167,144
167,166
167,145
167,189
167,164
168,146
168,145
168,167
168,144
168,206
169,148
169,191
169,147
169,127
169,170
170,192
170,214
170,149
170,169
170,172
171,193
171,149
171,215
171,170
171,172
172,150
172,194
172,149
172,128
172,170
173,151
173,152
173,195
173,196
173,174
174,152
174,153
174,196
174,175
174,197
175,174
175,153
175,197
175,152
175,196
176,177
176,199
176,198
176,221
176,200
177,199
177,176
177,198
177,221
177,222
178,156
178,139
178,161
178,155
178,162
179,156
179,157
179,180
179,202
179,136
180,158
180,181
180,157
180,179
180,202
181,158
181,180
181,136
181,226
181,179
182,159
182,160
182,183
182,205
182,161
183,161
183,205
183,182
183,159
183,121
184,185
184,206
184,164
184,165
184,181
185,184
185,207
185,165
185,166
185,186
186,188
186,207
186,210
186,208
186,230
187,208
187,230
187,232
187,209
187,229
188,210
188,186
188,207
188,187
188,232
189,211
189,167
189,190
189,188
189,164
190,212
190,213
190,189
190,234
190,188
191,213
191,233
191,169
191,234
191,188
192,170
192,214
192,236
192,215
192,193
193,215
193,171
193,192
193,149
193,194
194,172
194,216
194,150
194,215
194,237
195,196
195,173
195,216
195,218
195,197
196,197
196,195
196,218
196,174
196,173
197,196
197,175
197,174
197,153
197,219
198,199
198,221
198,176
198,177
198,220
199,198
199,221
199,177
199,176
199,220
200,199
200,198
200,222
200,176
200,177
201,224
201,200
201,223
201,246
201,318
202,179
202,180
202,226
202,181
202,158
203,204
203,134
203,135
203,181
203,147
204,203
204,181
204,226
204,147
204,179
205,183
205,182
205,160
205,118
205,159
206,184
206,229
206,230
206,185
206,144
207,186
207,185
207,188
207,210
207,184
208,230
208,186
208,187
208,232
208,188
209,231
209,187
209,228
209,229
209,227
210,188
210,186
210,232
210,207
210,187
211,189
211,206
211,146
211,184
211,168
212,190
212,213
212,234
212,188
212,189
213,234
213,191
213,212
213,169
213,190
214,192
214,236
214,170
214,215
214,172
215,193
215,214
215,236
215,194
215,192
216,195
216,238
216,219
216,218
216,237
217,239
217,218
217,216
217,305
217,263
218,219
218,196
218,240
218,241
218,195
219,241
219,218
219,240
219,197
219,285
220,221
220,242
220,222
220,198
220,243
221,199
221,220
221,198
221,243
221,222
222,221
222,223
222,220
222,244
222,198
223,245
223,244
223,222
223,224
223,246
224,223
224,201
224,245
224,246
224,244
225,226
225,202
225,248
225,247
225,181
226,248
226,181
226,180
226,179
226,204
227,228
227,251
227,249
227,252
227,250
228,227
228,251
228,252
228,276
228,250
229,230
229,206
229,252
229,187
229,228
230,208
230,229
230,187
230,186
230,188
231,209
231,187
231,228
231,230
231,229
232,187
232,210
232,208
232,188
232,186
233,234
233,191
233,188
233,207
233,213
234,235
234,213
234,233
234,191
234,256
235,257
235,234
235,256
235,255
235,279
236,258
236,214
236,215
236,280
236,257
237,259
237,279
237,238
237,280
237,216
238,259
238,260
238,284
238,216
238,285
239,260
239,238
239,283
239,218
239,240
240,262
240,241
240,219
240,218
240,284
241,219
241,285
241,263
241,240
241,284
242,243
242,264
242,220
242,265
242,221
243,265
243,242
243,221
243,220
243,264
244,245
244,223
244,222
244,243
244,220
245,244
245,223
245,246
245,269
245,247
246,247
246,245
246,269
246,223
246,268
247,246
247,269
247,270
247,245
247,268
248,226
248,271
248,179
248,272
248,181
249,250
249,227
249,251
249,228
249,277
250,249
250,228
250,343
250,251
250,275
251,252
251,228
251,276
251,253
251,298
252,253
252,251
252,275
252,298
252,276
253,252
253,275
253,274
253,298
253,320
254,255
254,253
254,275
254,278
254,256
255,256
255,278
255,254
255,235
255,303
256,255
256,278
256,303
256,301
256,302
257,279
257,235
257,280
257,256
257,237
258,236
258,280
258,257
258,214
258,279
259,260
259,238
259,281
259,237
259,284
260,283
260,281
260,259
260,302
260,282
261,239
261,282
261,260
261,283
261,161
262,284
262,240
262,285
262,283
262,241
263,285
263,241
263,284
263,219
263,195
264,265
264,242
264,287
264,286
264,243
265,243
265,264
265,287
265,242
265,266
266,288
266,265
266,244
266,264
266,287
267,268
267,246
267,247
267,314
267,337
268,267
268,246
268,182
268,205
268,247
269,247
269,270
269,292
269,246
269,315
270,292
270,269
270,291
270,247
270,293
271,272
271,248
271,249
271,226
271,293
272,271
272,273
272,249
272,226
272,250
273,274
273,275
273,298
273,272
273,252
274,275
274,253
274,273
274,298
274,320
275,274
275,298
275,253
275,299
275,276
276,277
276,298
276,299
276,275
276,321
277,276
277,299
277,251
277,344
277,298
278,256
278,300
278,301
278,255
278,303
279,280
279,257
279,237
279,281
279,235
280,279
280,257
280,237
280,281
280,258
281,260
281,303
281,302
281,259
281,282
282,303
282,281
282,304
282,283
282,302
283,260
283,284
283,303
283,282
283,302
284,262
284,285
284,283
284,307
284,240
285,284
285,263
285,307
285,241
285,262
286,287
286,264
286,309
286,265
286,242
287,265
287,286
287,264
287,288
287,309
288,310
288,266
288,265
288,287
288,264
289,311
289,310
289,335
289,288
289,312
290,313
290,291
290,314
290,179
290,248
291,292
291,313
291,314
291,270
291,290
292,270
292,291
292,269
292,315
292,293
293,294
293,315
293,295
293,270
293,271
294,293
294,295
294,315
294,271
294,296
295,296
295,294
295,319
295,297
295,293
296,297
296,295
296,319
296,342
296,294
297,296
297,319
297,295
297,342
297,320
298,320
298,299
298,276
298,321
298,275
299,322
299,298
299,321
299,276
299,275
300,323
300,322
300,301
300,278
300,324
301,302
301,303
301,323
301,324
301,300
302,301
302,303
302,325
302,281
302,324
303,302
303,325
303,301
303,282
303,281
304,303
304,325
304,282
304,302
304,326
305,306
305,326
305,327
305,304
305,283
306,328
306,283
306,307
306,284
306,327
307,329
307,285
307,284
307,306
307,351
308,309
308,286
308,267
308,287
308,268
309,310
309,286
309,287
309,264
309,288
310,288
310,311
310,289
310,309
310,335
311,310
311,289
311,312
311,335
311,288
312,335
312,334
312,333
312,311
312,289
313,314
313,291
313,290
313,337
313,335
314,313
314,291
314,337
314,293
314,315
315,293
315,337
315,292
315,316
315,338
316,338
316,317
316,315
316,340
316,318
317,318
317,339
317,316
317,340
317,338
318,317
318,340
318,319
318,341
318,339
319,296
319,297
319,295
319,341
319,318
320,298
320,321
320,275
320,342
320,253
321,299
321,298
321,322
321,320
321,344
322,299
322,300
322,321
322,323
322,344
323,324
323,300
323,301
323,322
323,278
324,323
324,325
324,301
324,303
324,302
325,303
325,324
325,302
325,304
325,301
326,304
326,305
326,325
326,303
326,306
327,328
327,306
327,304
327,305
327,325
328,327
328,306
328,350
328,329
328,304
329,307
329,351
329,306
329,285
329,284
330,331
330,14
330,146
330,95
330,96
331,330
331,146
331,183
331,321
331,124
332,178
332,161
332,314
332,313
332,183
333,334
333,312
333,335
333,203
333,311
334,333
334,312
334,335
334,203
334,86
335,312
335,289
335,311
335,313
335,333
336,337
336,314
336,313
336,332
336,104
337,314
337,315
337,338
337,313
337,293
338,316
338,317
338,315
338,337
338,339
339,317
339,340
339,318
339,338
339,316
340,341
340,318
340,317
340,339
340,316
341,340
341,319
341,318
341,317
341,316
342,320
342,343
342,298
342,321
342,299
343,299
343,322
343,344
343,321
343,275
344,345
344,299
344,322
344,321
344,343
345,344
345,346
345,322
345,299
345,321
346,345
346,347
346,344
346,324
346,322
347,348
347,346
347,325
347,324
347,349
348,347
348,325
348,349
348,324
348,304
349,323
349,348
349,322
349,324
349,300
350,328
350,306
350,327
350,304
350,326
351,329
351,307
351,283
351,349
351,301
