patch_id,learned_neighbor_id,weight
0,303,0.0043797134
0,145,0.0041077943
0,210,0.0039484636
1,247,0.0033040326
1,182,0.0032467158
1,268,0.0032412328
2,141,0.00326633
2,43,0.0031300946
2,205,0.0031206703
3,145,0.003369632
3,303,0.003288163
3,180,0.003250704
4,329,0.0035140722
4,185,0.0034823841
4,152,0.003481449
5,184,0.0035500422
5,102,0.0035159164
5,211,0.0033226344
6,163,0.003429172
6,209,0.0033763123
6,133,0.003243396
7,142,0.0034100704
7,205,0.0034036792
7,141,0.0033729875
8,102,0.0032173172
8,146,0.0031694241
8,337,0.0031682176
9,118,0.0040029483
9,102,0.003778706
9,37,0.0036049888
10,118,0.0039144773
10,98,0.0036738187
10,75,0.0036306258
11,141,0.003389815
11,349,0.0032205386
11,25,0.0031913915
12,75,0.0037514723
12,56,0.0035290676
12,118,0.003515492
13,176,0.0037517694
13,39,0.0034828696
13,32,0.0034219874
14,331,0.0034357733
14,205,0.0034163604
14,141,0.003386128
15,75,0.003265882
15,56,0.0032528876
15,32,0.0032256069
16,39,0.0033973658
16,32,0.003393732
16,141,0.003379721
17,17,0.0033669162
17,19,0.0033509678
17,120,0.0032738028
18,303,0.003572446
18,18,0.0034801571
18,237,0.00345153
19,145,0.0034846226
19,59,0.0033735111
19,165,0.0033174586
20,145,0.0048007844
20,152,0.004224309
20,185,0.0041376245
21,59,0.0039453115
21,134,0.003934032
21,328,0.0038730043
22,145,0.0044659786
22,135,0.0042162538
22,134,0.0040698573
23,134,0.003391092
23,145,0.0033415745
23,187,0.0033048498
24,164,0.0031947452
24,303,0.0031895284
24,210,0.0031262632
25,284,0.0035408316
25,145,0.0034873816
25,172,0.0034550389
26,44,0.0034362518
26,75,0.0033967686
26,99,0.0033670005
27,164,0.0030351914
27,70,0.003034216
27,128,0.0030232477
28,142,0.0032764133
28,40,0.0032030386
28,284,0.0031855153
29,118,0.004235328
29,102,0.0038717755
29,44,0.0038476458
30,118,0.0042000674
30,102,0.004024259
30,71,0.0036831119
31,102,0.00408461
31,118,0.0038816275
31,99,0.0038104148
32,140,0.0033650051
32,143,0.0033117232
32,134,0.0032646053
33,75,0.0038322438
33,120,0.003795781
33,44,0.0037327919
34,75,0.0037717563
34,56,0.0035879621
34,14,0.0035339084
35,102,0.003793382
35,118,0.0037177263
35,184,0.0035575011
36,163,0.0035109548
36,176,0.0034531355
36,287,0.0032559715
37,141,0.0033194886
37,176,0.0032865445
37,15,0.003270011
38,134,0.003400365
38,143,0.0033467805
38,142,0.0033397723
39,17,0.0034175832
39,19,0.0033750876
39,58,0.0032840287
40,19,0.003270432
40,59,0.0032056374
40,190,0.0031833393
41,185,0.0036868036
41,145,0.0036063278
41,187,0.003571207
42,145,0.004392291
42,329,0.0039794515
42,165,0.003766076
43,145,0.0042376276
43,329,0.00398506
43,165,0.0039420538
44,184,0.003165447
44,102,0.0031152929
44,141,0.0031143248
45,209,0.0030276887
45,118,0.0029925988
45,50,0.0029741942
46,163,0.0034569795
46,287,0.0033032498
46,176,0.003274877
47,185,0.0031526187
47,114,0.0031450603
47,172,0.003118026
48,185,0.00345636
48,145,0.0033823054
48,152,0.003272892
49,99,0.0036778646
49,25,0.0036519507
49,75,0.0036216844
50,75,0.0036694875
50,44,0.003656726
50,118,0.0035912446
51,102,0.0045063547
51,44,0.004429404
51,118,0.004272466
52,118,0.00450509
52,102,0.0041301227
52,75,0.0040400364
53,118,0.0037366978
53,102,0.0036480569
53,75,0.003615981
54,118,0.0035435231
54,44,0.003485724
54,25,0.0034409296
55,75,0.0036201142
55,118,0.0036175896
55,99,0.003567351
56,44,0.0034401687
56,120,0.0033999998
56,75,0.0033944966
57,75,0.003998108
57,118,0.003854914
57,56,0.003746186
58,118,0.0034341225
58,75,0.0033199212
58,37,0.0033130043
59,141,0.0033267005
59,118,0.003266081
59,34,0.00325492
60,141,0.0033588451
60,39,0.0033321262
60,17,0.003273707
61,17,0.0036177207
61,19,0.003601793
61,163,0.0035123609
62,163,0.0034624413
62,209,0.0033951048
62,17,0.003334954
63,135,0.003543754
63,134,0.0034686036
63,328,0.003458393
64,145,0.0036076063
64,187,0.0034602794
64,303,0.0034294252
65,145,0.004080248
65,303,0.0038067366
65,152,0.0037247585
66,102,0.0036119765
66,118,0.0035979128
66,98,0.0035855873
67,331,0.003121865
67,43,0.0030840184
67,141,0.0030611895
68,44,0.0035461138
68,96,0.0035017263
68,99,0.0034882945
69,163,0.0034262391
69,19,0.003269379
69,86,0.0032358847
70,102,0.0033559618
70,176,0.0033423402
70,96,0.0033123102
71,75,0.004165229
71,118,0.003916921
71,56,0.0037874507
72,118,0.0037754893
72,44,0.0037449303
72,99,0.0036965758
73,118,0.003723446
73,102,0.003670861
73,75,0.0036692081
74,118,0.0037849648
74,102,0.0036155477
74,96,0.0035356488
75,102,0.003998769
75,118,0.0039963694
75,99,0.003895256
76,118,0.0038040408
76,44,0.003708977
76,75,0.0035554469
77,118,0.0036511552
77,75,0.0036205724
77,44,0.0036162273
78,102,0.0038843667
78,98,0.003565187
78,160,0.0035307498
79,75,0.0038173194
79,118,0.0037633774
79,37,0.0037386958
80,75,0.0038219357
80,44,0.0036514336
80,118,0.0036425865
81,25,0.0033429437
81,120,0.0033156252
81,75,0.0032048868
82,19,0.0035243821
82,17,0.0034328992
82,119,0.0033675642
83,75,0.0035503078
83,56,0.0035145998
83,99,0.0034613726
84,135,0.0034892831
84,145,0.0032708098
84,156,0.0032256073
85,187,0.0035549207
85,145,0.0034925004
85,156,0.0034753024
86,303,0.0045914166
86,213,0.0044043004
86,210,0.0044019804
87,152,0.0037564463
87,185,0.0037400133
87,187,0.003675624
88,14,0.0033225017
88,75,0.0033200358
88,76,0.0032933978
89,44,0.0032857913
89,88,0.0032334481
89,96,0.0032237354
90,118,0.0034569318
90,44,0.0033072245
90,117,0.00325436
91,185,0.0035147537
91,152,0.0034690464
91,218,0.0034485764
92,75,0.004244715
92,56,0.004044954
92,34,0.0039195316
93,75,0.0035111078
93,70,0.003393332
93,118,0.0033911406
94,118,0.004440654
94,102,0.0044192714
94,44,0.0039428514
95,118,0.0046772007
95,44,0.004387087
95,102,0.004062137
96,75,0.0034227576
96,118,0.003414302
96,99,0.0034099808
97,75,0.00382315
97,118,0.003783406
97,56,0.0036375234
98,102,0.0037420066
98,118,0.003618761
98,98,0.0034198593
99,102,0.0038302648
99,44,0.0037871262
99,96,0.0036645231
100,163,0.0035012355
100,19,0.0034984797
100,119,0.0033730804
101,39,0.0035553488
101,75,0.0035465593
101,56,0.0035168198
102,39,0.0033976792
102,69,0.0033246567
102,58,0.0033156734
103,118,0.0041819448
103,75,0.0040281457
103,102,0.0040274654
104,75,0.0042289924
104,118,0.0041897874
104,44,0.003907864
105,118,0.0036286917
105,98,0.0034450518
105,102,0.0034296147
106,179,0.0033325434
106,162,0.0033000994
106,136,0.0032968402
107,119,0.0036266078
107,19,0.003465047
107,156,0.003417758
108,303,0.0036739693
108,164,0.0035920213
108,213,0.0035914823
109,187,0.0039518415
109,145,0.003925549
109,185,0.0038197523
110,75,0.0034804936
110,176,0.0034458248
110,99,0.0034321372
111,329,0.003951885
111,145,0.0039406633
111,152,0.0038327063
112,163,0.0034357484
112,122,0.0033261804
112,187,0.0033152523
113,187,0.0033039919
113,330,0.0032913296
113,86,0.0032487256
114,119,0.0035994172
114,44,0.0035712644
114,37,0.0035303028
115,176,0.0035976234
115,141,0.0035671366
115,99,0.00353134
116,102,0.003793794
116,118,0.0036215587
116,119,0.0035778342
117,44,0.004177845
117,118,0.0041361838
117,102,0.0041042003
118,44,0.0037521261
118,119,0.0036264076
118,75,0.0035986605
119,75,0.003516368
119,56,0.0034635388
119,99,0.003457001
120,141,0.0033704934
120,17,0.0032067683
120,205,0.0031882178
121,184,0.0034890932
121,118,0.0034595667
121,102,0.0034138975
122,120,0.0035373152
122,32,0.0035145946
122,56,0.003489023
123,118,0.003931773
123,44,0.0036556646
123,66,0.0035972958
124,176,0.003328864
124,99,0.003294374
124,75,0.0032932437
125,44,0.003364309
125,118,0.003295708
125,102,0.0032553698
126,118,0.0043093646
126,102,0.0041228374
126,44,0.003969477
127,102,0.003511622
127,118,0.0034296114
127,44,0.0034164335
128,209,0.003506011
128,164,0.0034769578
128,128,0.0034535627
129,145,0.0037332503
129,187,0.0035311044
129,134,0.0034851572
130,145,0.004100941
130,303,0.004049962
130,231,0.0038739264
131,152,0.0035448505
131,303,0.0035415895
131,163,0.003481464
132,134,0.0035057827
132,187,0.003464008
132,141,0.0034152993
133,145,0.004893653
133,329,0.0042266315
133,303,0.0041584913
134,187,0.004089822
134,145,0.003997387
134,152,0.0039850455
135,209,0.005071465
135,210,0.004681741
135,122,0.004649967
136,271,0.0032772338
136,209,0.0032524483
136,187,0.0032464915
137,44,0.003609007
137,75,0.003491092
137,96,0.003456098
138,119,0.0034707643
138,118,0.0034670136
138,102,0.00344803
139,44,0.0034457967
139,96,0.0033763354
139,118,0.003358241
140,184,0.003669371
140,141,0.0034450027
140,102,0.0034394017
141,163,0.0035582497
141,159,0.0034503976
141,287,0.0033857431
142,145,0.0045646797
142,134,0.0041059894
142,165,0.0040555685
143,145,0.0043046945
143,303,0.0037625064
143,231,0.0036150783
144,141,0.0033409297
144,329,0.0032667557
144,205,0.0032461628
145,118,0.0036457994
145,98,0.003604745
145,102,0.0035902746
146,96,0.0031832478
146,102,0.003175357
146,140,0.0031216135
147,91,0.003301298
147,163,0.0032967555
147,221,0.0032585603
148,44,0.0035199157
148,119,0.0034685438
148,102,0.0034124637
149,211,0.0033224188
149,141,0.0031998148
149,5,0.0031744689
150,145,0.0039938744
150,231,0.003988248
150,303,0.0039713145
151,145,0.0038080553
151,303,0.0037072294
151,152,0.0035692814
152,145,0.004112944
152,303,0.0037925623
152,210,0.0036344526
153,150,0.0033393688
153,163,0.00322075
153,183,0.0032156287
154,17,0.0035449346
154,19,0.0035395173
154,163,0.0033387684
155,187,0.0032685893
155,185,0.0032342873
155,152,0.0032105464
156,227,0.0033803429
156,136,0.0033032505
156,135,0.0032305194
157,209,0.0042007593
157,210,0.0037363055
157,129,0.0036481216
158,135,0.0031534543
158,145,0.003114867
158,178,0.003111986
159,75,0.0034902357
159,70,0.003406126
159,71,0.0033947849
160,102,0.0037252542
160,184,0.0036491705
160,98,0.0036488136
161,44,0.0039116084
161,118,0.003868717
161,75,0.0037202616
162,176,0.0034397896
162,39,0.0033058964
162,32,0.0032877699
163,146,0.0031331012
163,102,0.0031325384
163,0,0.0031251463
164,157,0.0034129068
164,83,0.003344709
164,82,0.003336077
165,152,0.004213438
165,18,0.0038273502
165,129,0.0038012527
166,145,0.0051900353
166,135,0.004314269
166,165,0.0041636983
167,187,0.003628617
167,156,0.0034973673
167,184,0.0034658576
168,187,0.0033123174
168,330,0.0032883857
168,60,0.0032021375
169,145,0.004500916
169,303,0.004212121
169,210,0.004140031
170,349,0.0033326827
170,175,0.0033281539
170,209,0.0032851829
171,118,0.0046499213
171,44,0.00396609
171,97,0.003945602
172,209,0.0038729885
172,122,0.0034660115
172,208,0.0034628497
173,163,0.003928567
173,152,0.0038870366
173,209,0.003862256
174,145,0.00359418
174,180,0.0035456
174,303,0.0035187174
175,180,0.0030915956
175,184,0.0030775524
175,81,0.0030599337
176,198,0.0036158606
176,163,0.0035971364
176,112,0.0035216077
177,220,0.003537036
177,199,0.0034731468
177,221,0.0034675186
178,118,0.003497777
178,98,0.0034900825
178,184,0.0034863448
179,134,0.0032949094
179,186,0.003284073
179,145,0.0032629971
180,145,0.0036693993
180,135,0.0036466392
180,165,0.0035221868
181,231,0.003817311
181,303,0.0036842548
181,145,0.003652329
182,19,0.0031731392
182,17,0.003163902
182,119,0.0031614085
183,102,0.0038430977
183,118,0.0038313325
183,44,0.0036317178
184,135,0.0035089944
184,145,0.0034937093
184,134,0.0034812253
185,141,0.003774428
185,145,0.0037642897
185,152,0.0036497647
186,209,0.0038914434
186,163,0.0038030704
186,208,0.0036322135
187,145,0.0041424227
187,135,0.004132959
187,134,0.00400054
188,145,0.004043226
188,135,0.003953569
188,328,0.0038694392
189,53,0.0032805079
189,305,0.0032535673
189,86,0.0032118466
190,141,0.0032193782
190,18,0.0032136128
190,53,0.0031970206
191,152,0.0042394353
191,145,0.0042343205
191,303,0.0041639158
192,135,0.0035528
192,185,0.0034526554
192,59,0.003346645
193,118,0.0039140163
193,75,0.0038689184
193,44,0.0036976405
194,152,0.003232144
194,163,0.0031676874
194,53,0.0031631216
195,145,0.004023636
195,135,0.0038213462
195,231,0.0037744613
196,145,0.0033523955
196,187,0.0033336414
196,135,0.0033268968
197,230,0.0033087332
197,189,0.0033036505
197,221,0.0032431495
198,220,0.0036201084
198,163,0.0036022495
198,123,0.0035698062
199,287,0.00357924
199,209,0.0035374989
199,112,0.0035341256
200,303,0.0031863246
200,152,0.0031563295
200,187,0.0031214089
201,17,0.0035191034
201,141,0.0034369556
201,39,0.003381887
202,209,0.0035103015
202,163,0.003329811
202,208,0.0032723418
203,209,0.004096907
203,122,0.0039918334
203,131,0.0039461153
204,145,0.0042115254
204,135,0.0039482
204,328,0.003795001
205,118,0.0037255783
205,75,0.0035083336
205,99,0.00343415
206,44,0.0034623987
206,70,0.0033765677
206,102,0.0033706597
207,32,0.0034143135
207,306,0.003395539
207,140,0.003365372
208,189,0.0033169417
208,102,0.0032372857
208,71,0.0032175414
209,135,0.0041900487
209,136,0.0038861178
209,162,0.0038086497
210,134,0.004681182
210,187,0.004214417
210,145,0.004078475
211,102,0.0031380283
211,103,0.0030707836
211,176,0.00304703
212,82,0.003290882
212,140,0.0032248925
212,287,0.003210728
213,303,0.0036624228
213,210,0.0036405376
213,187,0.0035847812
214,329,0.0038738942
214,209,0.0038606883
214,152,0.0037608363
215,118,0.004391711
215,75,0.0043574627
215,71,0.004154062
216,145,0.0033825724
216,241,0.00331418
216,135,0.0033112476
217,39,0.0035657564
217,17,0.0035451525
217,60,0.0034954164
218,209,0.004296347
218,129,0.0037791054
218,133,0.0037089845
219,152,0.0033575036
219,164,0.003314714
219,175,0.0032413227
220,118,0.004638088
220,44,0.0043222914
220,75,0.0042488202
221,118,0.0038866347
221,75,0.003719011
221,44,0.0036791153
222,102,0.004181263
222,118,0.0040049674
222,98,0.0038407838
223,75,0.004199882
223,44,0.004089657
223,118,0.004087788
224,118,0.0038005959
224,98,0.0036904456
224,75,0.0036757146
225,164,0.0032825572
225,163,0.003280054
225,184,0.00323685
226,136,0.0034673999
226,135,0.003454491
226,140,0.0034521006
227,118,0.0037958445
227,44,0.0037898703
227,102,0.003728455
228,118,0.004740193
228,102,0.0043883557
228,44,0.00415615
229,102,0.0034129473
229,118,0.0033973197
229,184,0.0033911483
230,102,0.0035151523
230,70,0.0032990982
230,119,0.0032849961
231,134,0.004241255
231,59,0.003833234
231,135,0.0038254906
232,142,0.0037319828
232,145,0.0036405488
232,284,0.0035871742
233,303,0.0041951947
233,304,0.0038796908
233,145,0.003857945
234,152,0.003850497
234,18,0.0037177089
234,329,0.0036997236
235,145,0.0051160147
235,165,0.0043376843
235,185,0.00426109
236,135,0.004420571
236,136,0.0040253275
236,134,0.003882337
237,329,0.0032519104
237,129,0.0032273463
237,157,0.0032216965
238,303,0.0042854035
238,145,0.0041784677
238,241,0.0038409128
239,189,0.0032094815
239,164,0.0031990616
239,144,0.0031988188
240,102,0.003901841
240,118,0.0037234128
240,98,0.0035515742
241,122,0.0035614786
241,82,0.0034912108
241,164,0.003382094
242,118,0.004244578
242,75,0.0041380827
242,102,0.0040334645
243,118,0.004527365
243,44,0.0044657197
243,75,0.0041582817
244,102,0.004163644
244,118,0.003890111
244,98,0.0038327891
245,102,0.004179447
245,118,0.0041614217
245,98,0.0040034354
246,118,0.004335576
246,44,0.0041672164
246,75,0.0041297856
247,75,0.0042350125
247,120,0.0039726486
247,44,0.0038976273
248,44,0.0033313537
248,99,0.0032367785
248,79,0.0032111092
249,102,0.0042994614
249,118,0.0042655263
249,184,0.0038395745
250,118,0.005097158
250,44,0.0044799014
250,37,0.004391795
251,102,0.004098991
251,136,0.0036770639
251,96,0.0035676628
252,102,0.0036904516
252,184,0.0036482178
252,104,0.0035951724
253,102,0.004022207
253,184,0.0038298892
253,168,0.0035884434
254,102,0.0043577175
254,184,0.00425747
254,104,0.0038067983
255,136,0.0037412678
255,134,0.0036886616
255,140,0.0036540045
256,145,0.00455336
256,303,0.0040324656
256,135,0.003918666
257,145,0.004369324
257,152,0.0043126047
257,329,0.004244948
258,118,0.004617877
258,44,0.004468794
258,75,0.004226038
259,164,0.0034268717
259,189,0.003378718
259,163,0.0032539144
260,128,0.0034873665
260,213,0.0034745682
260,164,0.003473148
261,118,0.0050180173
261,44,0.004881347
261,102,0.004549966
262,118,0.0040823817
262,102,0.003992906
262,44,0.0039267275
263,145,0.004278766
263,303,0.0041456446
263,231,0.003779745
264,75,0.003843672
264,118,0.003834946
264,34,0.003828935
265,103,0.0033170588
265,91,0.003304547
265,160,0.0032752035
266,50,0.0033524786
266,17,0.0033298808
266,39,0.0032933874
267,83,0.0031793572
267,103,0.0031771339
267,221,0.0031720353
268,75,0.0034849776
268,32,0.0034218086
268,25,0.003402587
269,44,0.0043541645
269,118,0.0042864634
269,102,0.0042292844
270,75,0.0039704796
270,99,0.0039320015
270,44,0.0039185164
271,102,0.003573782
271,96,0.0034205667
271,143,0.0033810355
272,44,0.0034617174
272,118,0.0033688433
272,121,0.0033241683
273,118,0.0038122651
273,75,0.0037159836
273,102,0.0037156206
274,118,0.0042510717
274,102,0.004075215
274,44,0.0038649319
275,184,0.0038672439
275,102,0.0038525283
275,179,0.0036206532
276,136,0.004156007
276,135,0.003930301
276,140,0.0039006537
277,134,0.0046215155
277,140,0.004420445
277,212,0.0042833756
278,122,0.0039704638
278,235,0.0037151158
278,213,0.003676133
279,189,0.003994599
279,184,0.0039752084
279,164,0.0037531971
280,102,0.004083086
280,98,0.004000484
280,118,0.003897296
281,145,0.0039647063
281,128,0.003641693
281,187,0.003592013
282,163,0.0033231133
282,98,0.0033104757
282,189,0.0032822716
283,139,0.0032267445
283,179,0.0032202306
283,184,0.0032186094
284,231,0.0031935747
284,198,0.003172131
284,210,0.0031684767
285,303,0.0036227137
285,164,0.0035638968
285,235,0.0035499635
286,141,0.003627481
286,17,0.0034698297
286,53,0.0034587986
287,218,0.0034379116
287,131,0.003394945
287,329,0.0033928035
288,305,0.0034128777
288,131,0.0034125757
288,86,0.0033940282
289,145,0.003968084
289,303,0.0039230925
289,231,0.0037175466
290,145,0.0034325088
290,129,0.0033747004
290,303,0.0033378226
291,209,0.0043246755
291,163,0.0043163775
291,122,0.0040688603
292,221,0.003828177
292,91,0.003752654
292,159,0.0037209408
293,159,0.0043267678
293,112,0.003987341
293,83,0.00395447
294,209,0.004464112
294,159,0.0040094396
294,129,0.003971034
295,39,0.003845669
295,56,0.0037567695
295,176,0.0036968845
296,39,0.0035219297
296,140,0.0035075152
296,57,0.0034880433
297,34,0.004173054
297,99,0.0041573234
297,75,0.0041339616
298,104,0.0043197325
298,136,0.004160577
298,211,0.0041268263
299,135,0.004335414
299,136,0.003958004
299,143,0.0038897183
300,183,0.0040578125
300,162,0.0040547717
300,145,0.0040295785
301,210,0.0042529935
301,303,0.0042246054
301,145,0.0042245453
302,145,0.0034753536
302,180,0.0034285812
302,187,0.0033406124
303,19,0.0033439733
303,150,0.0032717295
303,168,0.0032678056
304,164,0.003618159
304,303,0.003582387
304,304,0.0035553733
305,118,0.0032813398
305,98,0.003168489
305,66,0.003115085
306,135,0.0032963075
306,156,0.0032729534
306,210,0.0032548865
307,145,0.00417586
307,303,0.004067212
307,231,0.004030126
308,306,0.003445141
308,18,0.0033646517
308,331,0.0033376177
309,303,0.003517682
309,18,0.0035120738
309,304,0.003466512
310,122,0.0041401996
310,152,0.0041153426
310,82,0.0040520895
311,163,0.0043310425
311,122,0.0041123796
311,131,0.0039374023
312,209,0.004355389
312,122,0.0043308893
312,131,0.0041934676
313,152,0.00376672
313,82,0.003739078
313,131,0.003700246
314,209,0.0034029558
314,180,0.0033589154
314,21,0.0032977562
315,83,0.003573929
315,135,0.0035385536
315,159,0.003535354
316,209,0.0041315956
316,329,0.004010261
316,145,0.0040066335
317,287,0.0035785967
317,39,0.0035582653
317,163,0.0035410614
318,102,0.0037615688
318,39,0.003654773
318,34,0.003634455
319,118,0.0045394083
319,102,0.004439393
319,44,0.004284371
320,118,0.0039115436
320,44,0.0038527942
320,119,0.0037308934
321,102,0.0046360157
321,118,0.0041532638
321,96,0.003868447
322,183,0.0034236428
322,190,0.0034104828
322,271,0.0033930736
323,145,0.003961609
323,187,0.0037042054
323,212,0.0036101197
324,134,0.0037784958
324,136,0.0037356552
324,162,0.0036721928
325,102,0.0036788988
325,118,0.003667357
325,92,0.0035324474
326,152,0.0034355365
326,122,0.0033077346
326,219,0.003289853
327,145,0.0033354557
327,134,0.0032709236
327,232,0.003245891
328,145,0.004882943
328,303,0.004365553
328,329,0.00400848
329,144,0.0036706617
329,213,0.0035364155
329,304,0.0034953274
330,102,0.0032500366
330,44,0.0031887083
330,96,0.003172
331,163,0.0032677904
331,18,0.0031911614
331,164,0.0031497797
332,330,0.0032981343
332,60,0.003257581
332,17,0.003212247
333,145,0.0042773373
333,303,0.004086673
333,231,0.003925072
334,209,0.004218239
334,122,0.004105039
334,131,0.0040543843
335,152,0.0041213925
335,303,0.0038969442
335,145,0.0038196594
336,187,0.003390489
336,190,0.003288688
336,210,0.0032872895
337,118,0.0034990434
337,75,0.003496279
337,120,0.0034874117
338,159,0.003497756
338,221,0.0034562435
338,176,0.003452184
339,82,0.0036737046
339,287,0.0036615583
339,129,0.0036265291
340,112,0.0034540512
340,83,0.0034530042
340,198,0.0033969104
341,75,0.003878102
341,99,0.003829214
341,56,0.0038084798
342,102,0.003950741
342,118,0.0037832058
342,44,0.0037632463
343,118,0.0045949654
343,44,0.004308728
343,66,0.0040734764
344,179,0.0038555977
344,145,0.0036628717
344,162,0.003602646
345,211,0.0032978419
345,184,0.0032311727
345,168,0.0032265093
346,136,0.0036679236
346,135,0.0033931346
346,178,0.0033009194
347,136,0.0034630157
347,102,0.0034332508
347,134,0.0033958275
348,102,0.003881638
348,118,0.0038029363
348,119,0.0035453103
349,102,0.0038457955
349,96,0.003687863
349,44,0.0036629976
350,163,0.003616652
350,164,0.0034175024
350,189,0.0033877369
351,102,0.00414982
351,184,0.0039347564
351,160,0.0038640085
