patch_id,kendall_tau,p_value,row,col,lon,lat,local_morans_i,cluster_type
0,0.6883116883116884,6.879575957774577e-32,0,0,-65.57701574072506,-4.266997599567727,2.196481451145514,HH
1,0.7215766689450901,7.054096443296353e-35,0,1,-64.67870045660554,-4.266997599567727,1.9299413465374424,HH
2,0.6518569150148098,8.985455715913869e-29,0,2,-63.780385172486014,-4.266997599567727,1.6990376066482586,HH
3,0.4973798131692869,2.0268189445152362e-17,0,3,-62.882069888366495,-4.266997599567727,1.0488042302237486,HH
4,0.3629528366370472,5.753335512887114e-10,0,4,-61.983754604246975,-4.266997599567727,0.7502469236679116,HH
5,0.5162907268170427,1.1954624781099934e-18,0,5,-61.08543932012745,-4.266997599567727,1.2859574168834407,HH
6,0.5506949191159718,5.325845631410472e-21,0,6,-60.18712403600793,-4.266997599567727,1.4910111173373768,HH
7,0.5700615174299385,2.176137606915895e-22,0,7,-59.28880875188841,-4.266997599567727,1.6396462568588028,HH
8,0.7593984962406016,1.908668899601142e-38,0,8,-58.39049346776888,-4.266997599567727,2.038260170085779,HH
9,0.7413989519252678,1.0024594634538408e-36,0,9,-57.492178183649365,-4.266997599567727,2.048461631243911,HH
10,0.5648211437685122,5.225057319760447e-22,0,10,-56.593862899529846,-4.266997599567727,1.235084318491866,HH
11,0.4249259512417408,4.011547145940852e-13,0,11,-55.69554761541032,-4.266997599567727,1.0544103236516722,HH
12,0.6488949646844385,1.5826245114942814e-28,0,12,-54.7972323312908,-4.266997599567727,1.4740367894124597,HH
13,0.521531100478469,5.35769726779362e-19,0,13,-53.89891704717128,-4.266997599567727,1.2931990103020528,HH
14,0.5472772841193895,9.259248975477424e-21,0,14,-53.00060176305176,-4.266997599567727,1.1177440100800102,HH
15,0.5217589428115745,5.1730365632171675e-19,0,15,-52.10228647893224,-4.266997599567727,0.8175748729396847,HH
16,0.1291866028708134,0.0274030789002599,0,16,-51.20397119481272,-4.266997599567727,0.125300634123127,HH
17,0.4818865345181135,1.9081997753342524e-16,0,17,-50.30565591069319,-4.266997599567727,0.019137043269862757,HH
18,-0.0542264752791068,0.3545182401364044,0,18,-49.40734062657367,-4.266997599567727,-0.26668393822457315,LH
19,0.5156071998177262,1.3266205992970852e-18,0,19,-48.50902534245415,-4.266997599567727,0.13143656187564443,HH
20,0.2510822510822511,1.811270098330154e-05,0,20,-47.61071005833463,-4.266997599567727,0.22838134427774262,HH
21,0.2535885167464115,1.4927087447155956e-05,0,21,-46.71239477421511,-4.266997599567727,0.14208693828956878,HH
22,0.6958304853041696,1.4931753198626866e-32,1,0,-65.57701574072506,-5.165312883687248,1.743884993338398,HH
23,0.469583048530417,1.0779203710697026e-15,1,1,-64.67870045660554,-5.165312883687248,1.2676757009939186,HH
24,0.5700615174299385,2.176137606915895e-22,1,2,-63.780385172486014,-5.165312883687248,1.3577412943750986,HH
25,0.5297334244702666,1.5014515439782042e-19,1,3,-62.882069888366495,-5.165312883687248,1.3638724918668286,HH
26,0.5969469127363864,2.1473371364307084e-24,1,4,-61.983754604246975,-5.165312883687248,1.6998432859148316,HH
27,0.8594212804739122,9.497828494717182e-49,1,5,-61.08543932012745,-5.165312883687248,2.6777829506877584,HH
28,0.8033720665299614,8.060144789512139e-43,1,6,-60.18712403600793,-5.165312883687248,2.5945038823706743,HH
29,0.673729778992937,1.2705630781649181e-30,1,7,-59.28880875188841,-5.165312883687248,1.7466931354218838,HH
30,0.494645705172021,3.0258187549094725e-17,1,8,-58.39049346776888,-5.165312883687248,1.3125283213270282,HH
31,0.5326953748006381,9.439307507924052e-20,1,9,-57.492178183649365,-5.165312883687248,1.3614172897605137,HH
32,0.3982683982683984,1.046040033133874e-11,1,10,-56.593862899529846,-5.165312883687248,0.8512095596444219,HH
33,0.6126680337206654,1.3092265750305625e-25,1,11,-55.69554761541032,-5.165312883687248,1.1979060394228374,HH
34,0.6427432216905902,5.086776331327099e-28,1,12,-54.7972323312908,-5.165312883687248,1.7807782170336097,HH
35,0.5673274094326727,3.440232548691974e-22,1,13,-53.89891704717128,-5.165312883687248,1.2658421036134282,HH
36,0.4392800182273867,6.369533663427177e-14,1,14,-53.00060176305176,-5.165312883687248,0.9542904686454434,HH
37,0.521531100478469,5.35769726779362e-19,1,15,-52.10228647893224,-5.165312883687248,0.9807606176987713,HH
38,0.4654818865345181,1.9012629628851948e-15,1,16,-51.20397119481272,-5.165312883687248,0.43211964373036543,HH
39,0.177261335156072,0.0024735871016348,1,17,-50.30565591069319,-5.165312883687248,0.12915344295277104,HH
40,0.3162451583504215,6.680494936951088e-08,1,18,-49.40734062657367,-5.165312883687248,0.050444355472600406,HH
41,0.1886534518113465,0.0012771628705091,1,19,-48.50902534245415,-5.165312883687248,0.06717974771825706,HH
42,0.1478696741854636,0.0115789943085981,1,20,-47.61071005833463,-5.165312883687248,0.037559051564830186,HH
43,0.1825017088174983,0.0018330495002109,1,21,-46.71239477421511,-5.165312883687248,0.043655299155029095,HH
44,0.558669400774664,1.4463109529721363e-21,2,0,-65.57701574072506,-6.06362816780677,1.4562063352498673,HH
45,0.5882889040783779,9.721354881118917e-24,2,1,-64.67870045660554,-6.06362816780677,1.3902762851226078,HH
46,0.5912508544087491,5.8133063282904435e-24,2,2,-63.780385172486014,-6.06362816780677,1.4828146768460362,HH
47,0.7598541809068126,1.724441732921147e-38,2,3,-62.882069888366495,-6.06362816780677,2.166478371682795,HH
48,0.8537252221462749,3.964664664272096e-48,2,4,-61.983754604246975,-6.06362816780677,2.935975115566003,HH
49,0.799043062200957,2.227347270150479e-42,2,5,-61.08543932012745,-6.06362816780677,2.9368688315722684,HH
50,0.7368421052631581,2.692322269448209e-36,2,6,-60.18712403600793,-6.06362816780677,2.0643752652352663,HH
51,0.4973798131692869,2.0268189445152362e-17,2,7,-59.28880875188841,-6.06362816780677,1.2783740374063899,HH
52,0.5495557074504444,6.406392269001925e-21,2,8,-58.39049346776888,-6.06362816780677,1.4966591619262404,HH
53,0.7723855092276145,1.0331131089788494e-39,2,9,-57.492178183649365,-6.06362816780677,1.8907736430158983,HH
54,0.4563681932102985,6.594903244221913e-15,2,10,-56.593862899529846,-6.06362816780677,0.9996401218618359,HH
55,0.4123946229209387,1.90575426374845e-12,2,11,-55.69554761541032,-6.06362816780677,0.8063682330352202,HH
56,0.6917293233082709,3.442502507652221e-32,2,12,-54.7972323312908,-6.06362816780677,1.4806419385655987,HH
57,0.5176577808156756,9.703737587691694e-19,2,13,-53.89891704717128,-6.06362816780677,1.2809642670835877,HH
58,0.5203918888129415,6.383279437000945e-19,2,14,-53.00060176305176,-6.06362816780677,0.9545799046278592,HH
59,0.4299384825700615,2.1239263410028867e-13,2,15,-52.10228647893224,-6.06362816780677,0.724385196297149,HH
60,0.2579175210754158,1.064324333489958e-05,2,16,-51.20397119481272,-6.06362816780677,0.16388579969291686,HH
61,-0.062200956937799,0.2882279731742611,2,17,-50.30565591069319,-6.06362816780677,0.0793296783494671,LL
62,0.1394395078605605,0.0172757759030163,2,18,-49.40734062657367,-6.06362816780677,-0.07471972435306791,HL
63,-0.2565504670767829,1.1849764269932688e-05,2,19,-48.50902534245415,-6.06362816780677,0.04224734016475994,LL
64,0.0485304169514695,0.4073270176465944,2,20,-47.61071005833463,-6.06362816780677,0.02265782566774109,LL
65,0.0423786739576213,0.4693285280665669,2,21,-46.71239477421511,-6.06362816780677,0.03027980488045582,LL
66,0.5399863294600138,2.979106030013831e-20,3,0,-65.57701574072506,-6.961943451926292,1.5123208160255146,HH
67,0.5987696514012304,1.5582361216400631e-24,3,1,-64.67870045660554,-6.961943451926292,1.1125525373082985,HH
68,0.4158122579175211,1.2515097741194905e-12,3,2,-63.780385172486014,-6.961943451926292,0.6253740303135713,HH
69,0.5643654591023013,5.63646835440041e-22,3,3,-62.882069888366495,-6.961943451926292,1.409420886635119,HH
70,0.8118022328548644,1.0962575793917791e-43,3,4,-61.983754604246975,-6.961943451926292,2.145017821956463,HH
71,0.7199817726133516,9.88398119689155e-35,3,5,-61.08543932012745,-6.961943451926292,1.7235943127165398,HH
72,0.4080656185919344,3.2308525144842192e-12,3,6,-60.18712403600793,-6.961943451926292,1.05057170866785,HH
73,0.4837092731829574,1.4710060707671243e-16,3,7,-59.28880875188841,-6.961943451926292,1.2294209126004112,HH
74,0.7689678742310323,2.2362365433134668e-39,3,8,-58.39049346776888,-6.961943451926292,2.191537840836352,HH
75,0.6807928913192072,3.1182068891710155e-31,3,9,-57.492178183649365,-6.961943451926292,2.2341455132370953,HH
76,0.5743905217589429,1.0491623768762216e-22,3,10,-56.593862899529846,-6.961943451926292,0.9443585794378808,HH
77,0.2335383914331283,6.679391008393464e-05,3,11,-55.69554761541032,-6.961943451926292,0.36322964816310055,HH
78,0.4274322169059012,2.921571832236608e-13,3,12,-54.7972323312908,-6.961943451926292,0.915698771778863,HH
79,0.5702893597630441,2.094444898203281e-22,3,13,-53.89891704717128,-6.961943451926292,1.1526656970050875,HH
80,0.431989063568011,1.634023877566241e-13,3,14,-53.00060176305176,-6.961943451926292,0.8756048847268868,HH
81,0.4472544998860789,2.233659655515601e-14,3,15,-52.10228647893224,-6.961943451926292,0.6571834359570707,HH
82,0.1050353155616313,0.0729138857581257,3,16,-51.20397119481272,-6.961943451926292,-0.008427515879654322,HL
83,-0.6776030986557303,5.89123766758962e-31,3,17,-50.30565591069319,-6.961943451926292,1.2077327455656555,LL
84,-0.522898154477102,4.339952795725004e-19,3,18,-49.40734062657367,-6.961943451926292,1.3335266199990508,LL
85,-0.163362952836637,0.0052829710577401,3,19,-48.50902534245415,-6.961943451926292,0.5586512245436325,LL
86,-0.2182729551150604,0.0001939378407256,3,20,-47.61071005833463,-6.961943451926292,0.6084701224229296,LL
87,-0.4841649578491684,1.3781525305905902e-16,3,21,-46.71239477421511,-6.961943451926292,0.9420742139652702,LL
88,0.7949419002050582,5.805262567889616e-42,4,0,-65.57701574072506,-7.860258736045813,1.593438376428146,HH
89,0.2608794714057872,8.41881079783581e-06,4,1,-64.67870045660554,-7.860258736045813,0.33387641588199546,HH
90,-0.1528822055137844,0.0090461399494842,4,2,-63.780385172486014,-7.860258736045813,-0.13974090910720618,LH
91,0.3522442469810891,1.807704128905918e-09,4,3,-62.882069888366495,-7.860258736045813,0.13454673438273448,HH
92,0.2226019594440647,0.0001442889778556,4,4,-61.983754604246975,-7.860258736045813,0.09249858318377922,HH
93,0.1731601731601731,0.0031112114765812,4,5,-61.08543932012745,-7.860258736045813,0.1610243794442669,HH
94,0.5946684894053316,3.2018267067930634e-24,4,6,-60.18712403600793,-7.860258736045813,1.0331650188934278,HH
95,0.7564365459102301,3.6866079206463967e-38,4,7,-59.28880875188841,-7.860258736045813,1.9105250594261873,HH
96,0.8211437685121896,1.1731621728067562e-44,4,8,-58.39049346776888,-7.860258736045813,2.766112492129585,HH
97,0.7944862155388472,6.455309982196355e-42,4,9,-57.492178183649365,-7.860258736045813,2.1891816855450865,HH
98,0.2695374800637959,4.183052946946441e-06,4,10,-56.593862899529846,-7.860258736045813,0.5796083411224312,HH
99,0.5142401458190933,1.6330255807236409e-18,4,11,-55.69554761541032,-7.860258736045813,0.9480231311290942,HH
100,0.6459330143540671,2.780440278662574e-28,4,12,-54.7972323312908,-7.860258736045813,1.3768150255247094,HH
101,0.571656413761677,1.6642853800559026e-22,4,13,-53.89891704717128,-7.860258736045813,1.4301320122469527,HH
102,0.5005696058327638,1.2664892467859789e-17,4,14,-53.00060176305176,-7.860258736045813,1.148219765830027,HH
103,0.585099111414901,1.686463886614097e-23,4,15,-52.10228647893224,-7.860258736045813,0.4879920653507518,HH
104,0.0722260195944406,0.2175069141365249,4,16,-51.20397119481272,-7.860258736045813,0.002019756893781932,LL
105,-0.3488266119845067,2.587179977880167e-09,4,17,-50.30565591069319,-7.860258736045813,1.1281353222112787,LL
106,-0.5682387787650947,2.9538703242524486e-22,4,18,-49.40734062657367,-7.860258736045813,1.8478636451246502,LL
107,-0.3488266119845067,2.587179977880167e-09,4,19,-48.50902534245415,-7.860258736045813,1.2540472997128593,LL
108,-0.559125085440875,1.3417478909695936e-21,4,20,-47.61071005833463,-7.860258736045813,1.5439072347804297,LL
109,-0.4878104351788562,8.162555582064186e-17,4,21,-46.71239477421511,-7.860258736045813,1.829374393603461,LL
110,0.5996810207336524,1.3269161417048124e-24,5,0,-65.57701574072506,-8.758574020165334,1.2847976716788863,HH
111,0.3356117566643883,1.0029837688596806e-08,5,1,-64.67870045660554,-8.758574020165334,0.2917280435880602,HH
112,-0.2943722943722944,5.005487473582599e-07,5,2,-63.780385172486014,-8.758574020165334,-0.04741950601761713,LH
113,0.012531328320802,0.8305786662938774,5,3,-62.882069888366495,-8.758574020165334,0.05386141315195807,LL
114,-0.5894281157439053,7.979414457063325e-24,5,4,-61.983754604246975,-8.758574020165334,0.1481036904843928,LL
115,-0.0669856459330143,0.2527436749301667,5,5,-61.08543932012745,-8.758574020165334,0.00027532374552344236,LL
116,0.3711551606288449,2.341446588100738e-10,5,6,-60.18712403600793,-8.758574020165334,0.4089380085986722,HH
117,0.3852813852813853,4.759180224709168e-11,5,7,-59.28880875188841,-8.758574020165334,0.5678284193714546,HH
118,0.6033264980633403,6.960528369683694e-25,5,8,-58.39049346776888,-8.758574020165334,1.0066508387290456,HH
119,0.6821599453178402,2.371911097884603e-31,5,9,-57.492178183649365,-8.758574020165334,1.2936580885865052,HH
120,0.531784005468216,1.0891281895074542e-19,5,10,-56.593862899529846,-8.758574020165334,0.8436531865170367,HH
121,0.6805650489861017,3.263496663097259e-31,5,11,-55.69554761541032,-8.758574020165334,0.6924581207865625,HH
122,0.494645705172021,3.0258187549094725e-17,5,12,-54.7972323312908,-8.758574020165334,1.02271842077744,HH
123,0.6224652540442015,2.209144690574244e-26,5,13,-53.89891704717128,-8.758574020165334,1.287509536732936,HH
124,0.622693096377307,2.1188924935319936e-26,5,14,-53.00060176305176,-8.758574020165334,0.7956320982603797,HH
125,-0.0405559352927774,0.488654375534723,5,15,-52.10228647893224,-8.758574020165334,-0.00018851849777674234,LH
126,-0.442241968557758,4.3251273288532316e-14,5,16,-51.20397119481272,-8.758574020165334,0.8897580901311658,LL
127,-0.3994076099339258,9.137589796532233e-12,5,17,-50.30565591069319,-8.758574020165334,1.0477132773814553,LL
128,-0.5023923444976077,9.668009854077346e-18,5,18,-49.40734062657367,-8.758574020165334,1.7443719486914069,LL
129,-0.4916837548416496,4.659282382980649e-17,5,19,-48.50902534245415,-8.758574020165334,1.5463489395603358,LL
130,-0.3590795169742539,8.737713739978083e-10,5,20,-47.61071005833463,-8.758574020165334,1.375116205903861,LL
131,-0.4483937115516063,1.9202473020622436e-14,5,21,-46.71239477421511,-8.758574020165334,1.5794192904180977,LL
132,0.3953064479380269,1.4840804883785987e-11,6,0,-65.57701574072506,-9.656889304284856,0.8776610978995527,HH
133,0.5295055821371611,1.5558628581205461e-19,6,1,-64.67870045660554,-9.656889304284856,0.4373645080152619,HH
134,0.1982228298017772,0.0007132107457718,6,2,-63.780385172486014,-9.656889304284856,-0.0041881213697937646,HL
135,0.2330827067669173,6.901794147894567e-05,6,3,-62.882069888366495,-9.656889304284856,-0.03843028078072729,HL
136,-0.0223285486443381,0.7030274948076874,6,4,-61.983754604246975,-9.656889304284856,0.09865623100717909,LL
137,0.3467760309865573,3.2029754412911222e-09,6,5,-61.08543932012745,-9.656889304284856,0.10704822315303286,HH
138,0.367509683299157,3.4997686721067576e-10,6,6,-60.18712403600793,-9.656889304284856,0.4102933340036179,HH
139,-0.1326042378673957,0.0235691842561885,6,7,-59.28880875188841,-9.656889304284856,-0.11907719791953708,LH
140,-0.2383230804283436,4.719103175969683e-05,6,8,-58.39049346776888,-9.656889304284856,0.05857862889099383,LL
141,-0.1203007518796992,0.0399746389057733,6,9,-57.492178183649365,-9.656889304284856,-0.009175030901559128,LH
142,-0.0230120756436545,0.6943878877816894,6,10,-56.593862899529846,-9.656889304284856,0.10661051500877802,LL
143,-0.4292549555707451,2.317306491990573e-13,6,11,-55.69554761541032,-9.656889304284856,-0.07170760066929827,LH
144,0.0779220779220779,0.1833737168403049,6,12,-54.7972323312908,-9.656889304284856,-0.000842142507866804,HL
145,0.2768284347231716,2.283563256023982e-06,6,13,-53.89891704717128,-9.656889304284856,0.090904660890403,HH
146,0.2476646160856687,2.3513213444107617e-05,6,14,-53.00060176305176,-9.656889304284856,-0.02229910715047093,HL
147,-0.4613807245386193,3.3373297861133397e-15,6,15,-52.10228647893224,-9.656889304284856,0.5144399486195672,LL
148,-0.5420369104579631,2.1479370558492696e-20,6,16,-51.20397119481272,-9.656889304284856,0.49958488140652524,LL
149,0.0396445659603554,0.4984757820996481,6,17,-50.30565591069319,-9.656889304284856,0.08026549047403143,LL
150,-0.367965367965368,3.328970443643773e-10,6,18,-49.40734062657367,-9.656889304284856,0.7991161609123171,LL
151,-0.4107997265892003,2.316319804802481e-12,6,19,-48.50902534245415,-9.656889304284856,1.4545188759135586,LL
152,-0.430622009569378,1.9464231618742235e-13,6,20,-47.61071005833463,-9.656889304284856,1.5835496874377286,LL
153,-0.521531100478469,5.35769726779362e-19,6,21,-46.71239477421511,-9.656889304284856,1.8871794943706819,LL
154,0.5525176577808157,3.959957355639459e-21,7,0,-65.57701574072506,-10.555204588404376,0.730983684234943,HH
155,0.0544543176122123,0.35249995152722,7,1,-64.67870045660554,-10.555204588404376,-0.03390265798794492,LH
156,-0.189336978810663,0.0012261208909418,7,2,-63.780385172486014,-10.555204588404376,0.06740644431769319,LL
157,-0.0578719526087947,0.3231018552166933,7,3,-62.882069888366495,-10.555204588404376,0.15851124870120914,LL
158,-0.3975848712690819,1.1342295093275687e-11,7,4,-61.983754604246975,-10.555204588404376,0.09423939114483328,LL
159,0.3037138300296195,2.153211682774212e-07,7,5,-61.08543932012745,-10.555204588404376,0.055539637966493804,HH
160,0.7106402369560266,7.022990154487552e-34,7,6,-60.18712403600793,-10.555204588404376,0.901238215834888,HH
161,0.1920710868079289,0.0010402250637243,7,7,-59.28880875188841,-10.555204588404376,0.031379218581615985,HH
162,-0.1790840738209159,0.0022306114252383,7,8,-58.39049346776888,-10.555204588404376,0.3367508793687287,LL
163,-0.0847573479152426,0.1478565891912701,7,9,-57.492178183649365,-10.555204588404376,0.34496394233345584,LL
164,-0.4413305992253361,4.8735011437712365e-14,7,10,-56.593862899529846,-10.555204588404376,0.754203965193449,LL
165,-0.3321941216678059,1.4124636630116351e-08,7,11,-55.69554761541032,-10.555204588404376,1.064195679767957,LL
166,-0.3137388926862611,8.472426103370829e-08,7,12,-54.7972323312908,-10.555204588404376,0.673680645299146,LL
167,-0.3258145363408521,2.6525779828069876e-08,7,13,-53.89891704717128,-10.555204588404376,0.46494423755811065,LL
168,-0.2267031214399635,0.0001085138161028,7,14,-53.00060176305176,-10.555204588404376,0.3311593961386955,LL
169,-0.0382775119617224,0.5134024651173663,7,15,-52.10228647893224,-10.555204588404376,0.09070589886902256,LL
170,0.5960355434039646,2.519865830461787e-24,7,16,-51.20397119481272,-10.555204588404376,-0.4574972011105422,HL
171,0.0430622009569378,0.4621918015597932,7,17,-50.30565591069319,-10.555204588404376,-0.02610128269494471,LH
172,-0.0950102529049897,0.1047601522550274,7,18,-49.40734062657367,-10.555204588404376,0.36104737152135313,LL
173,-0.5174299384825701,1.0047424763175628e-18,7,19,-48.50902534245415,-10.555204588404376,1.6773812341511998,LL
174,-0.6135794030530873,1.1107991975166038e-25,7,20,-47.61071005833463,-10.555204588404376,2.309848686388487,LL
175,-0.5668717247664616,3.7123331969730935e-22,7,21,-46.71239477421511,-10.555204588404376,2.308867550651231,LL
176,0.5894281157439053,7.979414457063325e-24,8,0,-65.57701574072506,-11.453519872523898,1.2302604834823228,HH
177,0.5340624287992709,7.61266803247474e-20,8,1,-64.67870045660554,-11.453519872523898,0.47384937499453955,HH
178,-0.0713146502620186,0.2233669382848816,8,2,-63.780385172486014,-11.453519872523898,-0.033601841808499004,LH
179,-0.1806789701526543,0.0020361616017515,8,3,-62.882069888366495,-11.453519872523898,0.15879491772011278,LL
180,-0.0610617452722715,0.2971492840314704,8,4,-61.983754604246975,-11.453519872523898,0.16357536995814292,LL
181,-0.1847801321485532,0.0016053684479651,8,5,-61.08543932012745,-11.453519872523898,-0.1251028017036301,LH
182,0.4420141262246526,4.4562458465340794e-14,8,6,-60.18712403600793,-11.453519872523898,0.055787755253218,HH
183,0.0945545682387787,0.1064360468269445,8,7,-59.28880875188841,-11.453519872523898,0.01742188691289882,HH
184,-0.4989747095010253,1.6027552210107202e-17,8,8,-58.39049346776888,-11.453519872523898,1.081421515394366,LL
185,-0.4736842105263159,6.081799590861955e-16,8,9,-57.492178183649365,-11.453519872523898,1.3384366532545213,LL
186,-0.2868534973798132,9.69517537117819e-07,8,10,-56.593862899529846,-11.453519872523898,1.0453780966262987,LL
187,-0.354522670312144,1.4207770703205791e-09,8,11,-55.69554761541032,-11.453519872523898,0.9948416523013663,LL
188,-0.3381180223285487,7.786531213442668e-09,8,12,-54.7972323312908,-11.453519872523898,0.7982503335322071,LL
189,-0.2508544087491456,1.8432427405875227e-05,8,13,-53.89891704717128,-11.453519872523898,0.6514432419334212,LL
190,-0.3536113009797221,1.564744736224327e-09,8,14,-53.00060176305176,-11.453519872523898,0.7017716081157647,LL
191,-0.1665527455001139,0.0044590799374867,8,15,-52.10228647893224,-11.453519872523898,0.26850727122271517,LL
192,0.2194121667805878,0.0001795079056301,8,16,-51.20397119481272,-11.453519872523898,0.10903200011697729,HH
193,0.3260423786739576,2.594058801690692e-08,8,17,-50.30565591069319,-11.453519872523898,-0.009124663441170855,HL
194,-0.3474595579858738,2.983337077127707e-09,8,18,-49.40734062657367,-11.453519872523898,0.6010354391184362,LL
195,-0.5741626794258373,1.090378447114759e-22,8,19,-48.50902534245415,-11.453519872523898,2.1901435515617425,LL
196,-0.547960811118706,8.291924964427142e-21,8,20,-47.61071005833463,-11.453519872523898,2.289630505194027,LL
197,-0.5402141717931193,2.8729431152990296e-20,8,21,-46.71239477421511,-11.453519872523898,2.1844681447048573,LL
198,0.4089769879243564,2.892327680712226e-12,9,0,-65.57701574072506,-12.35183515664342,0.8908349619186658,HH
199,0.4604693552061973,3.779337923497081e-15,9,1,-64.67870045660554,-12.35183515664342,0.877949699506854,HH
200,0.3002961950330371,2.940099157878973e-07,9,2,-63.780385172486014,-12.35183515664342,0.2512838213354308,HH
201,0.0560492139439507,0.338576168369608,9,3,-62.882069888366495,-12.35183515664342,-0.004146424615284385,LH
202,0.2219184324447482,0.0001512380868699,9,4,-61.983754604246975,-12.35183515664342,-0.03622199243908763,HL
203,-0.0426065162907268,0.4669428718724551,9,5,-61.08543932012745,-12.35183515664342,0.1283718612805619,LL
204,-0.2098427887901572,0.0003398677147409,9,6,-60.18712403600793,-12.35183515664342,-0.2850551826195747,LH
205,0.8222829801777172,8.91755247695729e-45,9,7,-59.28880875188841,-12.35183515664342,-1.0204412526066926,HL
206,-0.4673046251993621,1.4783100150274989e-15,9,8,-58.39049346776888,-12.35183515664342,0.6822121499213707,LL
207,-0.5463659147869675,1.072453823399583e-20,9,9,-57.492178183649365,-12.35183515664342,1.9354671147900666,LL
208,-0.4629756208703577,2.683000554610493e-15,9,10,-56.593862899529846,-12.35183515664342,1.5216596902480104,LL
209,-0.3722943722943723,2.0634706402996664e-10,9,11,-55.69554761541032,-12.35183515664342,1.0979572971794613,LL
210,-0.139667350193666,0.0170941919410102,9,12,-54.7972323312908,-12.35183515664342,0.46144308790084687,LL
211,-0.087719298245614,0.1342069841471439,9,13,-53.89891704717128,-12.35183515664342,0.26048997463320056,LL
212,-0.2068808384597858,0.0004119986662699,9,14,-53.00060176305176,-12.35183515664342,0.49286928435407856,LL
213,-0.3069036226930964,1.6052279409736946e-07,9,15,-52.10228647893224,-12.35183515664342,0.37785067315654003,LL
214,0.0833902939166097,0.154503508549836,9,16,-51.20397119481272,-12.35183515664342,-0.0002881664472343431,HL
215,0.3622693096377307,6.195553587851073e-10,9,17,-50.30565591069319,-12.35183515664342,-0.06175826728481884,HL
216,-0.3565732513100934,1.1424468694323674e-09,9,18,-49.40734062657367,-12.35183515664342,0.5622203245293925,LL
217,-0.6634768740031899,9.516022248348384e-30,9,19,-48.50902534245415,-12.35183515664342,2.4467515472286188,LL
218,-0.5609478241057189,9.932251715246342e-22,9,20,-47.61071005833463,-12.35183515664342,2.3153209123221434,LL
219,-0.5358851674641149,5.709989578974953e-20,9,21,-46.71239477421511,-12.35183515664342,2.1738527627518818,LL
220,0.5930735930735931,4.231152363712716e-24,10,0,-65.57701574072506,-13.250150440762942,1.2389915183581548,HH
221,0.670995670995671,2.1801037047466364e-30,10,1,-64.67870045660554,-13.250150440762942,1.5927264336079034,HH
222,0.6479835953520164,1.8827755701014674e-28,10,2,-63.780385172486014,-13.250150440762942,0.8789550218180638,HH
223,0.1100478468899521,0.060250892961321,10,3,-62.882069888366495,-13.250150440762942,0.04722838330981004,HH
224,0.1756664388243336,0.0027058055288776,10,4,-61.983754604246975,-13.250150440762942,-0.0028364111261834773,HL
225,-0.2900432900432901,7.338323881309464e-07,10,5,-61.08543932012745,-13.250150440762942,0.11048352874982173,LL
226,-0.213943950786056,0.0002593239029743,10,6,-60.18712403600793,-13.250150440762942,0.39926858870959225,LL
227,-0.0795169742538163,0.1745683983628978,10,7,-59.28880875188841,-13.250150440762942,0.009518912803392902,LL
228,-0.3609022556390978,7.181704602909451e-10,10,8,-58.39049346776888,-13.250150440762942,0.8561446304194938,LL
229,-0.4896331738437002,6.272895419886064e-17,10,9,-57.492178183649365,-13.250150440762942,1.4683293737149221,LL
230,-0.4857598541809069,1.0964350783637584e-16,10,10,-56.593862899529846,-13.250150440762942,1.5476004521026607,LL
231,-0.470038733196628,1.011749902159442e-15,10,11,-55.69554761541032,-13.250150440762942,1.5354452599788442,LL
232,-0.4112554112554113,2.190895945874995e-12,10,12,-54.7972323312908,-13.250150440762942,0.9231253796634613,LL
233,-0.2246525404420141,0.0001252022223398,10,13,-53.89891704717128,-13.250150440762942,0.6109118589514216,LL
234,-0.1799954431533379,0.0021175097380439,10,14,-53.00060176305176,-13.250150440762942,0.3769089603902076,LL
235,-0.1041239462292094,0.0754352861222117,10,15,-52.10228647893224,-13.250150440762942,0.191086188360031,LL
236,0.0015948963317384,0.978275327083438,10,16,-51.20397119481272,-13.250150440762942,0.015363371271521707,LL
237,0.0979722032353611,0.0943717930804542,10,17,-50.30565591069319,-13.250150440762942,0.004774659801594655,HH
238,0.0334928229665071,0.5674200084668297,10,18,-49.40734062657367,-13.250150440762942,0.08478779704967125,LL
239,-0.5422647527910687,2.0711145230687788e-20,10,19,-48.50902534245415,-13.250150440762942,0.7895421250540735,LL
240,-0.5172020961494647,1.0403129098455173e-18,10,20,-47.61071005833463,-13.250150440762942,2.1646623580059017,LL
241,-0.5536568694463432,3.2888409402719844e-21,10,21,-46.71239477421511,-13.250150440762942,1.9819133186257216,LL
242,0.4155844155844156,1.2872264028775353e-12,11,0,-65.57701574072506,-14.148465724882463,0.7118423203819422,HH
243,0.4907723855092277,5.318430073976742e-17,11,1,-64.67870045660554,-14.148465724882463,0.8099671495382335,HH
244,0.3062200956937799,1.7099129394002512e-07,11,2,-63.780385172486014,-14.148465724882463,0.46049437415360167,HH
245,0.3957621326042379,1.406558212805488e-11,11,3,-62.882069888366495,-14.148465724882463,0.5252006530401132,HH
246,0.2410571884256095,3.858352615866601e-05,11,4,-61.983754604246975,-14.148465724882463,0.24153099832920744,HH
247,0.1706539074960127,0.003571284469245,11,5,-61.08543932012745,-14.148465724882463,0.014791491097222557,HH
248,-0.0906812485759854,0.1215528513629523,11,6,-60.18712403600793,-14.148465724882463,-0.0628934801621803,LH
249,0.0123034859876965,0.8336135903425316,11,7,-59.28880875188841,-14.148465724882463,0.026106114765142453,LL
250,-0.0448849396217817,0.4434598023720431,11,8,-58.39049346776888,-14.148465724882463,0.11106649753545483,LL
251,-0.1376167691957165,0.0187903664941781,11,9,-57.492178183649365,-14.148465724882463,0.34874348907340297,LL
252,-0.2203235361130098,0.000168697324774,11,10,-56.593862899529846,-14.148465724882463,0.7080653249472101,LL
253,-0.4139895192526772,1.5668198071480377e-12,11,11,-55.69554761541032,-14.148465724882463,1.0778111927941612,LL
254,-0.2009569377990431,0.0006010684713254,11,12,-54.7972323312908,-14.148465724882463,0.6898781245976051,LL
255,-0.4538619275461381,9.245663216193654e-15,11,13,-53.89891704717128,-14.148465724882463,0.7408644814738191,LL
256,-0.201868307131465,0.0005674941167716,11,14,-53.00060176305176,-14.148465724882463,0.413891786392436,LL
257,0.0382775119617224,0.5134024651173663,11,15,-52.10228647893224,-14.148465724882463,0.03874929351401316,LL
258,0.0795169742538163,0.1745683983628978,11,16,-51.20397119481272,-14.148465724882463,3.886111399848511e-05,HH
259,0.0574162679425837,0.3269265206686009,11,17,-50.30565591069319,-14.148465724882463,0.015292460805144738,LL
260,-0.3125996810207337,9.433247751200625e-08,11,18,-49.40734062657367,-14.148465724882463,0.07105336802438739,LL
261,0.5481886534518114,7.992246925828983e-21,11,19,-48.50902534245415,-14.148465724882463,-1.5656625830569768,HL
262,-0.6176805650489862,5.286141674691467e-26,11,20,-47.61071005833463,-14.148465724882463,1.1611216537786861,LL
263,-0.3871041239462293,3.858744508972993e-11,11,21,-46.71239477421511,-14.148465724882463,1.510839377439886,LL
264,0.2526771474139895,1.6018125088864032e-05,12,0,-65.57701574072506,-15.046781009001984,0.24804291817789906,HH
265,0.2882205513784461,8.607333548390651e-07,12,1,-64.67870045660554,-15.046781009001984,0.044360300871077465,HH
266,0.1793119161540214,0.0022018284464787,12,2,-63.780385172486014,-15.046781009001984,0.11451958401126788,HH
267,0.8045112781954887,6.162838367411639e-43,12,3,-62.882069888366495,-15.046781009001984,0.19542651538384007,HH
268,0.5926179084073822,4.581301458205863e-24,12,4,-61.983754604246975,-15.046781009001984,0.9421860153569198,HH
269,0.5527455001139213,3.815697940510772e-21,12,5,-61.08543932012745,-15.046781009001984,0.6537055759762116,HH
270,0.6008202323991799,1.085074847351666e-24,12,6,-60.18712403600793,-15.046781009001984,0.7163719242586291,HH
271,0.2276144907723855,0.00010179127631,12,7,-59.28880875188841,-15.046781009001984,0.0701251571796541,HH
272,0.139211665527455,0.017459049444751,12,8,-58.39049346776888,-15.046781009001984,-0.0320249129456704,HL
273,-0.0961494645705172,0.1006620131981781,12,9,-57.492178183649365,-15.046781009001984,0.14273003889670102,LL
274,-0.3481430849851903,2.7783908380267073e-09,12,10,-56.593862899529846,-15.046781009001984,0.6345619883297233,LL
275,-0.3595352016404648,8.320391667429116e-10,12,11,-55.69554761541032,-15.046781009001984,0.7396873496018479,LL
276,-0.1781727044884939,0.0023492243992087,12,12,-54.7972323312908,-15.046781009001984,0.36258711234660007,LL
277,-0.0571884256094782,0.3288498351428657,12,13,-53.89891704717128,-15.046781009001984,0.18640072663747084,LL
278,-0.1540214171793119,0.0085446083206229,12,14,-53.00060176305176,-15.046781009001984,0.29273291682387864,LL
279,-0.2005012531328321,0.0006185404608657,12,15,-52.10228647893224,-15.046781009001984,0.093958141702363,LL
280,0.2130325814536341,0.0002754992848501,12,16,-51.20397119481272,-15.046781009001984,-0.19721391103360608,HL
281,-0.1506037821827295,0.0101287160076226,12,17,-50.30565591069319,-15.046781009001984,0.3281882816019061,LL
282,-0.4652540442014126,1.9618808316979404e-15,12,18,-49.40734062657367,-15.046781009001984,1.3374537387609713,LL
283,-0.5643654591023013,5.63646835440041e-22,12,19,-48.50902534245415,-15.046781009001984,1.152614420114814,LL
284,-0.5231259968102073,4.189994096217056e-19,12,20,-47.61071005833463,-15.046781009001984,1.9168909111332864,LL
285,-0.329915698336751,1.771330766992697e-08,12,21,-46.71239477421511,-15.046781009001984,1.047168604352702,LL
286,0.265892002734108,5.629937222313162e-06,13,0,-65.57701574072506,-15.945096293121509,0.13224272308018034,HH
287,-0.4723171565276829,7.364052727057454e-16,13,1,-64.67870045660554,-15.945096293121509,-0.3208267115118133,LH
288,-0.315105946684894,7.444115054687016e-08,13,2,-63.780385172486014,-15.945096293121509,0.6466572286799421,LL
289,-0.6753246753246754,9.263642697314022e-31,13,3,-62.882069888366495,-15.945096293121509,0.5465349770732301,LL
290,-0.0082023239917976,0.88862349072058,13,4,-61.983754604246975,-15.945096293121509,0.08894512146524702,LL
291,-0.0934153565732513,0.1107188175588172,13,5,-61.08543932012745,-15.945096293121509,-0.0902938285242994,LH
292,0.5766689450899978,7.13081650586029e-23,13,6,-60.18712403600793,-15.945096293121509,-0.21255400849352166,HL
293,-0.1232627022100706,0.0353276126716268,13,7,-59.28880875188841,-15.945096293121509,-0.12639027369681527,LH
294,-0.1398951925267715,0.0169142847053051,13,8,-58.39049346776888,-15.945096293121509,0.05998425742366723,LL
295,0.0633401686033265,0.2794890550309485,13,9,-57.492178183649365,-15.945096293121509,0.0033574296672800163,LL
296,-0.0779220779220779,0.1833737168403049,13,10,-56.593862899529846,-15.945096293121509,0.06610350700352403,LL
297,0.0435178856231487,0.4574678317357245,13,11,-55.69554761541032,-15.945096293121509,0.0373780750176644,LL
298,-0.0874914559125085,0.1352210796858028,13,12,-54.7972323312908,-15.945096293121509,0.16214427529995984,LL
299,0.0991114149008886,0.090603106179641,13,13,-53.89891704717128,-15.945096293121509,-0.027779476178639226,HL
300,-0.1369332421964001,0.0193875883306752,13,14,-53.00060176305176,-15.945096293121509,0.15215855678292362,LL
301,-0.0344041922989291,0.556924357569391,13,15,-52.10228647893224,-15.945096293121509,0.18417323750308157,LL
302,-0.4397357028935976,6.002275016814362e-14,13,16,-51.20397119481272,-15.945096293121509,0.7159470880771919,LL
303,-0.5258601048074734,2.7444011841964287e-19,13,17,-50.30565591069319,-15.945096293121509,1.5534812338771533,LL
304,-0.4149008885850991,1.400484441877836e-12,13,18,-49.40734062657367,-15.945096293121509,1.522353299095444,LL
305,-0.5281385281385282,1.9257274744510361e-19,13,19,-48.50902534245415,-15.945096293121509,1.8518680061070913,LL
306,-0.444976076555024,3.018918899823186e-14,13,20,-47.61071005833463,-15.945096293121509,1.453679873164235,LL
307,-0.2294372294372294,8.950792436447043e-05,13,21,-46.71239477421511,-15.945096293121509,0.7667918140944222,LL
308,0.8152198678514468,4.854079436673286e-44,14,0,-65.57701574072506,-16.843411577241028,0.5229001705650208,HH
309,0.4773296878560037,3.641934549079424e-16,14,1,-64.67870045660554,-16.843411577241028,-0.10651574170148571,HL
310,0.1032125768967874,0.0780274106376454,14,2,-63.780385172486014,-16.843411577241028,-0.02223825847932416,HL
311,-0.6919571656413762,3.286822278729436e-32,14,3,-62.882069888366495,-16.843411577241028,1.1764901081563977,LL
312,-0.2688539530644794,4.42390806732906e-06,14,4,-61.983754604246975,-16.843411577241028,0.7000214999077949,LL
313,-0.4413305992253361,4.8735011437712365e-14,14,5,-61.08543932012745,-16.843411577241028,0.8781810368304959,LL
314,-0.3807245386192754,8.006540711059174e-11,14,6,-60.18712403600793,-16.843411577241028,-0.08190381272791122,LH
315,0.0870357712462975,0.1372670205897973,14,7,-59.28880875188841,-16.843411577241028,-0.012539056745788639,HL
316,0.0273410799726589,0.6406281975079432,14,8,-58.39049346776888,-16.843411577241028,-0.005874688960736752,LH
317,0.4260651629072682,3.47392165462986e-13,14,9,-57.492178183649365,-16.843411577241028,0.14763554254801617,HH
318,0.2406015037593985,3.990625219002841e-05,14,10,-56.593862899529846,-16.843411577241028,-0.06776837734129841,HL
319,0.0093415356573251,0.8732772769748725,14,11,-55.69554761541032,-16.843411577241028,0.05640734895677958,LL
320,-0.3627249943039417,5.897205517173056e-10,14,12,-54.7972323312908,-16.843411577241028,0.4072184567335538,LL
321,-0.2551834130781499,1.318616213163256e-05,14,13,-53.89891704717128,-16.843411577241028,0.1881647227630039,LL
322,-0.112781954887218,0.0541499405382254,14,14,-53.00060176305176,-16.843411577241028,0.22036072968251602,LL
323,-0.100250626566416,0.0869564433858418,14,15,-52.10228647893224,-16.843411577241028,0.1820871060227403,LL
324,-0.330371383002962,1.6931146551735154e-08,14,16,-51.20397119481272,-16.843411577241028,0.9382154887588134,LL
325,-0.5149236728184098,1.4719704179612792e-18,14,17,-50.30565591069319,-16.843411577241028,1.6323631410244075,LL
326,-0.368421052631579,3.1663202005366445e-10,14,18,-49.40734062657367,-16.843411577241028,1.3702578351168835,LL
327,-0.4379129642287537,7.609001796755183e-14,14,19,-48.50902534245415,-16.843411577241028,1.5682258373165938,LL
328,-0.3873319662793347,3.7586447741636366e-11,14,20,-47.61071005833463,-16.843411577241028,1.1732120658373963,LL
329,-0.3283208020050125,2.073694260526702e-08,14,21,-46.71239477421511,-16.843411577241028,0.7739211461846356,LL
330,-0.1414900888585099,0.0157008170062147,15,0,-65.57701574072506,-17.74172686136055,-0.20512531689910835,LH
331,-0.330371383002962,1.6931146551735154e-08,15,1,-64.67870045660554,-17.74172686136055,-0.28334259664482664,LH
332,0.2608794714057872,8.41881079783581e-06,15,2,-63.780385172486014,-17.74172686136055,-0.13719665931938843,HL
333,0.0619731146046935,0.2899976304697607,15,3,-62.882069888366495,-17.74172686136055,0.01686864190522896,LL
334,0.010252904989747,0.8610342598962684,15,4,-61.983754604246975,-17.74172686136055,0.07264191171743486,LL
335,-0.1531100478468899,0.0089437801078624,15,5,-61.08543932012745,-17.74172686136055,0.19492226443172647,LL
336,0.2073365231259968,0.000400041187392,15,6,-60.18712403600793,-17.74172686136055,-0.1904178641787357,HL
337,-0.0052403736614262,0.9287052485168216,15,7,-59.28880875188841,-17.74172686136055,-0.012633488597547374,LH
338,0.0154932786511733,0.7913702383826869,15,8,-58.39049346776888,-17.74172686136055,-0.00729933406081318,LH
339,0.2693096377306904,4.261906634776688e-06,15,9,-57.492178183649365,-17.74172686136055,-0.04767503771311035,HL
340,-0.344725449988608,3.960602727337004e-09,15,10,-56.593862899529846,-17.74172686136055,-0.051292525607084395,LH
341,-0.2180451127819549,0.0001969516646281,15,11,-55.69554761541032,-17.74172686136055,0.322912337957982,LL
342,-0.0193665983139667,0.7408978219437914,15,12,-54.7972323312908,-17.74172686136055,0.09521659381715177,LL
343,0.277967646388699,2.0746847711445357e-06,15,13,-53.89891704717128,-17.74172686136055,-0.20301960197200966,HL
344,-0.0298473456368193,0.6103229316654752,15,14,-53.00060176305176,-17.74172686136055,0.0023846513274901303,LL
345,0.050125313283208,0.3920874672591032,15,15,-52.10228647893224,-17.74172686136055,0.030519522856010364,LL
346,-0.2731829573934837,3.096446950607192e-06,15,16,-51.20397119481272,-17.74172686136055,0.6135179572123425,LL
347,-0.4235588972431078,4.765286140857229e-13,15,17,-50.30565591069319,-17.74172686136055,1.4358378278436155,LL
348,-0.5074048758259285,4.5784475898112734e-18,15,18,-49.40734062657367,-17.74172686136055,1.748706511258171,LL
349,-0.5686944634313056,2.736870186528064e-22,15,19,-48.50902534245415,-17.74172686136055,1.7611349858788976,LL
350,-0.2745500113921167,2.7635013941711723e-06,15,20,-47.61071005833463,-17.74172686136055,0.8953595509112786,LL
351,-0.1701982228298018,0.0036612992141002,15,21,-46.71239477421511,-17.74172686136055,0.5255711373136446,LL
