patch_id,kendall_tau,p_value
0,0.6883116883116884,6.879575957774578e-32
1,0.7215766689450901,7.054096443296354e-35
2,0.6518569150148098,8.985455715913869e-29
3,0.4973798131692869,2.0268189445152362e-17
4,0.36295283663704725,5.753335512887115e-10
5,0.5162907268170427,1.1954624781099934e-18
6,0.5506949191159718,5.325845631410472e-21
7,0.5700615174299385,2.176137606915895e-22
8,0.7593984962406016,1.908668899601142e-38
9,0.7413989519252678,1.0024594634538408e-36
10,0.5648211437685122,5.225057319760447e-22
11,0.4249259512417408,4.0115471459408517e-13
12,0.6488949646844385,1.5826245114942817e-28
13,0.521531100478469,5.357697267793619e-19
14,0.5472772841193895,9.259248975477423e-21
15,0.5217589428115745,5.173036563217167e-19
16,0.1291866028708134,0.027403078900259906
17,0.48188653451811353,1.9081997753342524e-16
18,-0.054226475279106866,0.35451824013640443
19,0.5156071998177262,1.3266205992970852e-18
20,0.25108225108225113,1.811270098330154e-05
21,0.25358851674641153,1.4927087447155955e-05
22,0.6958304853041696,1.4931753198626866e-32
23,0.469583048530417,1.0779203710697026e-15
24,0.5700615174299385,2.176137606915895e-22
25,0.5297334244702666,1.501451543978204e-19
26,0.5969469127363864,2.1473371364307084e-24
27,0.8594212804739122,9.497828494717182e-49
28,0.8033720665299614,8.060144789512139e-43
29,0.673729778992937,1.270563078164918e-30
30,0.494645705172021,3.0258187549094725e-17
31,0.5326953748006381,9.439307507924051e-20
32,0.3982683982683984,1.0460400331338741e-11
33,0.6126680337206654,1.3092265750305625e-25
34,0.6427432216905902,5.086776331327099e-28
35,0.5673274094326727,3.440232548691974e-22
36,0.4392800182273867,6.369533663427177e-14
37,0.521531100478469,5.357697267793619e-19
38,0.46548188653451816,1.9012629628851948e-15
39,0.177261335156072,0.0024735871016348518
40,0.31624515835042155,6.680494936951087e-08
41,0.18865345181134657,0.0012771628705091945
42,0.14786967418546368,0.011578994308598121
43,0.1825017088174983,0.0018330495002109714
44,0.558669400774664,1.4463109529721362e-21
45,0.5882889040783779,9.721354881118917e-24
46,0.5912508544087491,5.8133063282904435e-24
47,0.7598541809068126,1.724441732921147e-38
48,0.8537252221462749,3.964664664272096e-48
49,0.799043062200957,2.227347270150479e-42
50,0.7368421052631581,2.692322269448209e-36
51,0.4973798131692869,2.0268189445152362e-17
52,0.5495557074504444,6.406392269001925e-21
53,0.7723855092276145,1.0331131089788494e-39
54,0.45636819321029853,6.594903244221913e-15
55,0.41239462292093876,1.90575426374845e-12
56,0.6917293233082709,3.4425025076522214e-32
57,0.5176577808156756,9.703737587691694e-19
58,0.5203918888129415,6.383279437000945e-19
59,0.4299384825700615,2.1239263410028864e-13
60,0.2579175210754158,1.0643243334899581e-05
61,-0.06220095693779905,0.2882279731742611
62,0.1394395078605605,0.017275775903016394
63,-0.2565504670767829,1.1849764269932688e-05
64,0.04853041695146959,0.4073270176465944
65,0.042378673957621335,0.4693285280665669
66,0.5399863294600138,2.979106030013831e-20
67,0.5987696514012304,1.5582361216400633e-24
68,0.41581225791752113,1.2515097741194905e-12
69,0.5643654591023013,5.63646835440041e-22
70,0.8118022328548644,1.0962575793917793e-43
71,0.7199817726133516,9.88398119689155e-35
72,0.4080656185919344,3.2308525144842192e-12
73,0.4837092731829574,1.4710060707671243e-16
74,0.7689678742310323,2.2362365433134668e-39
75,0.6807928913192072,3.1182068891710155e-31
76,0.5743905217589429,1.0491623768762216e-22
77,0.2335383914331283,6.679391008393464e-05
78,0.4274322169059012,2.921571832236608e-13
79,0.5702893597630441,2.094444898203281e-22
80,0.431989063568011,1.634023877566241e-13
81,0.4472544998860789,2.2336596555156006e-14
82,0.10503531556163137,0.0729138857581257
83,-0.6776030986557303,5.89123766758962e-31
84,-0.522898154477102,4.339952795725004e-19
85,-0.16336295283663707,0.0052829710577401165
86,-0.21827295511506042,0.00019393784072569946
87,-0.4841649578491684,1.3781525305905905e-16
88,0.7949419002050582,5.805262567889616e-42
89,0.26087947140578727,8.41881079783581e-06
90,-0.15288220551378448,0.00904613994948427
91,0.35224424698108914,1.807704128905918e-09
92,0.22260195944406472,0.00014428897785566933
93,0.17316017316017318,0.003111211476581248
94,0.5946684894053316,3.2018267067930634e-24
95,0.7564365459102301,3.6866079206463967e-38
96,0.8211437685121896,1.1731621728067562e-44
97,0.7944862155388472,6.455309982196355e-42
98,0.2695374800637959,4.183052946946441e-06
99,0.5142401458190933,1.6330255807236409e-18
100,0.6459330143540671,2.780440278662574e-28
101,0.571656413761677,1.6642853800559026e-22
102,0.5005696058327638,1.2664892467859788e-17
103,0.585099111414901,1.6864638866140967e-23
104,0.07222601959444065,0.2175069141365249
105,-0.34882661198450676,2.587179977880167e-09
106,-0.5682387787650947,2.9538703242524486e-22
107,-0.34882661198450676,2.587179977880167e-09
108,-0.559125085440875,1.3417478909695936e-21
109,-0.48781043517885625,8.162555582064186e-17
110,0.5996810207336524,1.3269161417048125e-24
111,0.3356117566643883,1.0029837688596806e-08
112,-0.29437229437229445,5.005487473582599e-07
113,0.012531328320802006,0.8305786662938774
114,-0.5894281157439053,7.979414457063325e-24
115,-0.06698564593301436,0.2527436749301667
116,0.3711551606288449,2.3414465881007386e-10
117,0.38528138528138534,4.759180224709168e-11
118,0.6033264980633403,6.960528369683694e-25
119,0.6821599453178402,2.371911097884603e-31
120,0.531784005468216,1.0891281895074542e-19
121,0.6805650489861017,3.263496663097259e-31
122,0.494645705172021,3.0258187549094725e-17
123,0.6224652540442015,2.2091446905742442e-26
124,0.622693096377307,2.1188924935319936e-26
125,-0.04055593529277741,0.488654375534723
126,-0.44224196855775805,4.3251273288532316e-14
127,-0.3994076099339258,9.137589796532233e-12
128,-0.5023923444976077,9.668009854077346e-18
129,-0.49168375484164967,4.659282382980649e-17
130,-0.3590795169742539,8.737713739978084e-10
131,-0.44839371155160634,1.9202473020622433e-14
132,0.3953064479380269,1.4840804883785987e-11
133,0.5295055821371611,1.555862858120546e-19
134,0.19822282980177722,0.0007132107457718031
135,0.23308270676691734,6.901794147894567e-05
136,-0.02232854864433812,0.7030274948076874
137,0.34677603098655735,3.2029754412911226e-09
138,0.367509683299157,3.499768672106758e-10
139,-0.13260423786739578,0.023569184256188588
140,-0.23832308042834363,4.719103175969683e-05
141,-0.12030075187969926,0.03997463890577336
142,-0.023012075643654595,0.6943878877816894
143,-0.4292549555707451,2.317306491990573e-13
144,0.07792207792207793,0.1833737168403049
145,0.2768284347231716,2.283563256023982e-06
146,0.24766461608566875,2.3513213444107617e-05
147,-0.46138072453861934,3.3373297861133393e-15
148,-0.5420369104579631,2.1479370558492696e-20
149,0.03964456596035544,0.49847578209964816
150,-0.367965367965368,3.328970443643773e-10
151,-0.41079972658920033,2.3163198048024812e-12
152,-0.430622009569378,1.9464231618742232e-13
153,-0.521531100478469,5.357697267793619e-19
154,0.5525176577808157,3.959957355639459e-21
155,0.05445431761221235,0.35249995152722
156,-0.18933697881066305,0.001226120890941848
157,-0.05787195260879472,0.3231018552166933
158,-0.3975848712690819,1.1342295093275689e-11
159,0.30371383002961955,2.153211682774212e-07
160,0.7106402369560266,7.022990154487551e-34
161,0.19207108680792895,0.001040225063724359
162,-0.17908407382091593,0.0022306114252383124
163,-0.08475734791524267,0.14785658919127015
164,-0.44133059922533613,4.8735011437712365e-14
165,-0.33219412166780593,1.4124636630116353e-08
166,-0.31373889268626115,8.472426103370828e-08
167,-0.32581453634085217,2.6525779828069873e-08
168,-0.22670312143996357,0.00010851381610287055
169,-0.038277511961722493,0.5134024651173663
170,0.5960355434039646,2.519865830461787e-24
171,0.04306220095693781,0.4621918015597932
172,-0.09501025290498975,0.10476015225502741
173,-0.5174299384825701,1.0047424763175627e-18
174,-0.6135794030530873,1.1107991975166038e-25
175,-0.5668717247664616,3.7123331969730935e-22
176,0.5894281157439053,7.979414457063325e-24
177,0.5340624287992709,7.61266803247474e-20
178,-0.07131465026201869,0.22336693828488163
179,-0.18067897015265438,0.0020361616017515577
180,-0.061061745272271595,0.29714928403147045
181,-0.18478013214855324,0.0016053684479651394
182,0.44201412622465264,4.456245846534079e-14
183,0.09455456823877877,0.10643604682694459
184,-0.49897470950102535,1.6027552210107202e-17
185,-0.4736842105263159,6.081799590861955e-16
186,-0.2868534973798132,9.69517537117819e-07
187,-0.354522670312144,1.420777070320579e-09
188,-0.3381180223285487,7.786531213442668e-09
189,-0.25085440874914566,1.8432427405875227e-05
190,-0.3536113009797221,1.5647447362243272e-09
191,-0.16655274550011395,0.004459079937486775
192,0.21941216678058786,0.00017950790563017825
193,0.32604237867395763,2.594058801690692e-08
194,-0.3474595579858738,2.983337077127707e-09
195,-0.5741626794258373,1.090378447114759e-22
196,-0.547960811118706,8.291924964427142e-21
197,-0.5402141717931193,2.8729431152990296e-20
198,0.4089769879243564,2.892327680712226e-12
199,0.46046935520619736,3.779337923497081e-15
200,0.30029619503303717,2.9400991578789727e-07
201,0.05604921394395079,0.338576168369608
202,0.22191843244474826,0.00015123808686991446
203,-0.04260651629072682,0.4669428718724551
204,-0.20984278879015722,0.0003398677147409457
205,0.8222829801777172,8.917552476957289e-45
206,-0.4673046251993621,1.4783100150274987e-15
207,-0.5463659147869675,1.072453823399583e-20
208,-0.46297562087035776,2.6830005546104935e-15
209,-0.37229437229437234,2.0634706402996664e-10
210,-0.139667350193666,0.017094191941010285
211,-0.08771929824561404,0.13420698414714397
212,-0.20688083845978586,0.0004119986662699042
213,-0.3069036226930964,1.6052279409736946e-07
214,0.08339029391660972,0.154503508549836
215,0.36226930963773074,6.195553587851074e-10
216,-0.35657325131009343,1.1424468694323676e-09
217,-0.6634768740031899,9.516022248348384e-30
218,-0.5609478241057189,9.932251715246342e-22
219,-0.5358851674641149,5.709989578974952e-20
220,0.5930735930735931,4.231152363712716e-24
221,0.670995670995671,2.1801037047466364e-30
222,0.6479835953520164,1.8827755701014674e-28
223,0.11004784688995217,0.06025089296132106
224,0.1756664388243336,0.002705805528877645
225,-0.2900432900432901,7.338323881309464e-07
226,-0.21394395078605608,0.0002593239029743545
227,-0.07951697425381637,0.17456839836289784
228,-0.3609022556390978,7.181704602909451e-10
229,-0.4896331738437002,6.272895419886064e-17
230,-0.4857598541809069,1.0964350783637584e-16
231,-0.47003873319662803,1.011749902159442e-15
232,-0.4112554112554113,2.190895945874995e-12
233,-0.22465254044201416,0.00012520222233985384
234,-0.1799954431533379,0.0021175097380439793
235,-0.10412394622920941,0.07543528612221174
236,0.0015948963317384372,0.9782753270834379
237,0.09797220323536114,0.09437179308045421
238,0.03349282296650718,0.5674200084668297
239,-0.5422647527910687,2.0711145230687788e-20
240,-0.5172020961494647,1.0403129098455171e-18
241,-0.5536568694463432,3.2888409402719844e-21
242,0.4155844155844156,1.2872264028775353e-12
243,0.4907723855092277,5.3184300739767415e-17
244,0.30622009569377995,1.7099129394002512e-07
245,0.3957621326042379,1.406558212805488e-11
246,0.24105718842560953,3.858352615866601e-05
247,0.17065390749601278,0.0035712844692450422
248,-0.09068124857598543,0.12155285136295234
249,0.012303485987696516,0.8336135903425316
250,-0.044884939621781736,0.4434598023720431
251,-0.13761676919571658,0.01879036649417815
252,-0.22032353611300984,0.00016869732477401943
253,-0.41398951925267724,1.5668198071480375e-12
254,-0.2009569377990431,0.0006010684713254701
255,-0.45386192754613813,9.245663216193654e-15
256,-0.20186830713146506,0.0005674941167716813
257,0.038277511961722493,0.5134024651173663
258,0.07951697425381637,0.17456839836289784
259,0.05741626794258374,0.32692652066860095
260,-0.3125996810207337,9.433247751200624e-08
261,0.5481886534518114,7.992246925828983e-21
262,-0.6176805650489862,5.286141674691467e-26
263,-0.3871041239462293,3.8587445089729933e-11
264,0.25267714741398956,1.6018125088864032e-05
265,0.28822055137844615,8.607333548390651e-07
266,0.17931191615402145,0.002201828446478714
267,0.8045112781954887,6.16283836741164e-43
268,0.5926179084073822,4.581301458205863e-24
269,0.5527455001139213,3.8156979405107715e-21
270,0.6008202323991799,1.0850748473516661e-24
271,0.22761449077238555,0.00010179127631006577
272,0.139211665527455,0.017459049444751032
273,-0.09614946457051722,0.10066201319817816
274,-0.3481430849851903,2.7783908380267073e-09
275,-0.3595352016404648,8.320391667429117e-10
276,-0.17817270448849398,0.00234922439920874
277,-0.05718842560947825,0.3288498351428657
278,-0.15402141717931195,0.008544608320622976
279,-0.2005012531328321,0.0006185404608657027
280,0.21303258145363413,0.0002754992848501387
281,-0.15060378218272957,0.010128716007622622
282,-0.46525404420141264,1.96188083169794e-15
283,-0.5643654591023013,5.63646835440041e-22
284,-0.5231259968102073,4.189994096217056e-19
285,-0.329915698336751,1.771330766992697e-08
286,0.265892002734108,5.629937222313162e-06
287,-0.4723171565276829,7.364052727057454e-16
288,-0.31510594668489406,7.444115054687015e-08
289,-0.6753246753246754,9.263642697314022e-31
290,-0.008202323991797676,0.88862349072058
291,-0.09341535657325133,0.11071881755881723
292,0.5766689450899978,7.13081650586029e-23
293,-0.12326270221007066,0.03532761267162689
294,-0.1398951925267715,0.016914284705305187
295,0.0633401686033265,0.27948905503094856
296,-0.07792207792207793,0.1833737168403049
297,0.04351788562314879,0.4574678317357245
298,-0.08749145591250855,0.13522107968580283
299,0.09911141490088861,0.09060310617964103
300,-0.1369332421964001,0.01938758833067528
301,-0.034404192298929145,0.556924357569391
302,-0.43973570289359765,6.002275016814362e-14
303,-0.5258601048074734,2.7444011841964287e-19
304,-0.41490088858509916,1.400484441877836e-12
305,-0.5281385281385282,1.9257274744510357e-19
306,-0.444976076555024,3.018918899823186e-14
307,-0.22943722943722947,8.950792436447043e-05
308,0.8152198678514468,4.854079436673286e-44
309,0.4773296878560037,3.641934549079424e-16
310,0.10321257689678745,0.07802741063764548
311,-0.6919571656413762,3.286822278729436e-32
312,-0.2688539530644794,4.42390806732906e-06
313,-0.44133059922533613,4.8735011437712365e-14
314,-0.38072453861927547,8.006540711059175e-11
315,0.08703577124629758,0.1372670205897973
316,0.027341079972658923,0.6406281975079432
317,0.42606516290726826,3.4739216546298593e-13
318,0.2406015037593985,3.990625219002841e-05
319,0.009341535657325133,0.8732772769748725
320,-0.36272499430394173,5.897205517173057e-10
321,-0.25518341307814996,1.3186162131632559e-05
322,-0.11278195488721807,0.05414994053822542
323,-0.10025062656641605,0.08695644338584181
324,-0.330371383002962,1.6931146551735154e-08
325,-0.5149236728184098,1.471970417961279e-18
326,-0.36842105263157904,3.166320200536645e-10
327,-0.43791296422875375,7.609001796755182e-14
328,-0.3873319662793347,3.758644774163637e-11
329,-0.32832080200501257,2.073694260526702e-08
330,-0.14149008885850994,0.01570081700621472
331,-0.330371383002962,1.6931146551735154e-08
332,0.26087947140578727,8.41881079783581e-06
333,0.061973114604693555,0.2899976304697607
334,0.010252904989747097,0.8610342598962684
335,-0.15311004784688997,0.00894378010786241
336,0.20733652312599685,0.0004000411873920303
337,-0.0052403736614262935,0.9287052485168215
338,0.015493278651173389,0.7913702383826869
339,0.2693096377306904,4.261906634776688e-06
340,-0.344725449988608,3.960602727337004e-09
341,-0.2180451127819549,0.00019695166462814067
342,-0.019366598313966737,0.7408978219437914
343,0.27796764638869903,2.0746847711445353e-06
344,-0.029847345636819324,0.6103229316654752
345,0.050125313283208024,0.39208746725910326
346,-0.27318295739348375,3.096446950607192e-06
347,-0.4235588972431078,4.765286140857229e-13
348,-0.5074048758259285,4.578447589811273e-18
349,-0.5686944634313056,2.7368701865280636e-22
350,-0.2745500113921167,2.7635013941711723e-06
351,-0.1701982228298018,0.0036612992141002083
